'Berit 	Totscanig 	berittot@hotmail.com 	
	
Aarona 	Pichinson 	atza8@yahoo.com 	
	
Abigail 	Gibson 	abiinoz2003@yahoo.com.au 	
	
Achille 	Sadoux 	achillelefou@hotmail.com 	
	
Adam 	Fritsch 	adam.free@usa.net 	
	
Adam 	Sealey 	siddartha069@yahoo.com 	
	
Adeola 	Dewis 	arteola@tiscali.co.uk 	
	
adi 	maroko 	adi_maroko@hotmail.com 	
	
Adi 	Shva 	adi.shva@aerodiam.be 	
	
Adi 	Zilbersten 	adiventure1@hotmail.com 	
	
Adiana 	Nani 	adina_nani@yahoo.com 	
	
Adina 	Rocoviteanu 	racovite@hotmail.com 	
	
Adina 		hominid9@aol.com 	
	
Adolfo Rafael 	Aizpun Fernandez 	nupzia@hotmail.com 	
	
Adrian 	Hekel 	adrianhekel@hotmail.com 	
	
Adrian 	Fanet 	fanetadr@gmail.com 	
	
Adrian 	Box 	diamond1033@hotmail.com 	
	
Advah 	Shani 	advashani1@hotmail.com 	
	
Agnieszka 	Szkudlarek 	agneska_99@yahoo.com 	
	
Ainslie 	Kenny 	ainzbabe@hotmail.com 	
	
Akash 		akashjewells@hotmail.com 	
	
Akasha 		akashamayakosa@yahoo.com 	
	
Akhila 	Dhyan 	akhilasun@hotmail.com 	
	
Akhilesh 		sarvagata@india.com 	
	
Alan 	Pullen 	alan_pullen@hotmail.com 	
	
Alessia 	Grillenzoni 	alesphinx@hotmail.com 	
	
Alex 	Finn 	Lex_finn@yahoo.com 	
	
Alex 	Meza 	alexkmeza@fast-xs.nl 	
	
Alex 	hardwicke 	funalex78@yahoo.com 	
	
Alexandra 	Kondratieva 	carambula@yandex.ru 	
	
Alexandru 	Lionu 	al@dupi.dk 	
	
Alexandru 	Frumosu 	experto_credite@yahoo.com 	
	
Alexis 	Williams 	zarfuk@yahoo.com 	
	
Ali 	Orbaum 	aliorbaum@hotmail.com 	
	
Ali 	Jackiw 	ali_jackiw@yahoo.com 	
	
Alice 	Fernbach 	alicioferkin@hotmail.com 	
	
Alice 	Ruggeri 	alice.ruggeri@gmail.com 	
	
Alina 	Krefel 	tantragodess@hotmail.com 	
	
Alina 	Miklos 	gaiartri@hotmail.com 	
	
Alina 	Smolyansky 	lorrenca@hotmail.com 	
	
Alisa 	Fleishma 	alisa35@hotmail.com 	
	
Alisen 	Paynter 	alisenpaynter@shaw.ca 	
	
Alison 	Roffey 	ukickleali@hotmail.com 	
	
alix 	robledo 	alixscuba@yahoo.com 	
	
Aliy 	Txe 	aliyscuba@yahoo.com 	
	
Alka 	Puri 	sozaclotting@yahoo.com 	
	
Allie 	Ackland-Prpic 	allieprpic@hotmail.com 	
	
Allyson 	Klein 	allysonsta@onebox.com 	
	
Allyson 	Klein 	allysonsta@yahoo.com 	
	
Alona 	Ben-Arie 	balona22@yahoo.com 	
	
Alp 	Eksioglu 	qoeksioglu@hotmail.com 	
	
Amado 	Cavazos 	amcav@yahoo.com 	
	
Amanda 	Brigden 	a_brigden@hotmail.com 	
	
Amanda 	Kimmel 	whatnotwhathaveu@hotmail.com 	
	
amari 	munns 	annmariewoodall@googlemail.com 	
	
Amber 	Ward 	wardamber@hotmail.com 	
	
Amber 	Shewan 	amber.shewan@mantraresorts.com.au 	
	
Amelie 	Bennet 	ameliebennet@hotmail.com 	
	
Amichay 	Udi 	amichayudi@hotmail.com 	
	
Amiokanti 	Das 	amiokanti@gmail.com 	
	
Amir 	Azulay 	zulim1@hotmail.com 	
	
Amir 	Kaplan 	amirkaplan@yahoo.com 	
	
Amir 	Kfir 	amirkfir@barak-online.net 	
	
Amir 	Hayari 	amirhayari@gmail.com 	
	
Amit 	Bloom 	amitbloom@hotmail.com 	
	
Amit 	Rosner 	amiteast1@yahoo.com 	
	
Amon 	Balaszesual 	koolmonk@web.de 	
	
Amos 	Rabin 	arabin@013.net 	
	
Amos 	Gutman 	amosgut@yahoo.com 	
	
Amotz 	Waiss 	wamotz@yahoo.com 	
	
Amy 	Wollish 	awollish@bucknell.edu 	
	
Amy 	Henderson 	amyheider@gmail.com 	
	
Ana and Lee 		buskuit@yahoo.com 	
	
Ana Maria 	Caroli 	anamariacaroli@yahoo.co.uk 	
	
analisa 	madron 	analisamadron@hotmail.com 	
	
Ananchai 	Sengyai 	km_kilgore@yahoo.co.uk 	
	
Ananya 	Banerjee 	dakini93@hotmail.com 	
	
Anat 	Levi 	aslevi@netvision.net.il 	
	
Anat 	Nachshony 	anati10@yahoo.com 	
	
Anat 	Weinstein 	anatwein@hotmail.com 	
	
Anatel 	Pante 	anatel.pante@gmz.net 	
	
anber 	tsai 	anber0025@yahoo.com.tw 	
	
Andi 	Dorr 	andidoerr@hotmail.com 	
	
Andre 	Lepine 	alepine@premiermarketing.ca 	
	
andre 	orsi 	andrealaddin@gmail.com 	
	
Andrea 	Borbolla 	flordeloto55@hotmail.com 	
	
Andrea 	Fellner 	fellnerandrea@gmx.net 	
	
Andrea 	Kalmar 	ocean@prinposta.com 	
	
Andrea 	Lheureux 	amlh2003@yahoo.com 	
	
Andrea 	Meitinger 	andrea_meitinger@hotmail.com 	
	
Andrea 	Schick 	schickariah@hotmail.com 	
	
Andrea 	Zeiddlack 	mrs.pavlos@web.de 	
	
Andrea 	Borbolla 	andreaborbolla@yahoo.com 	
	
Andrea 	Timar 	andreatimar1@rogers.com 	
	
Andrea 	Kalmar 	andreakalmar@gmail.com 	
	
andrea 	ferrara 	aferrara10@hotmail.com 	
	
Andrea and Daniela 	Kammer 	andreadanieladee@gmx.net 	
	
Andreas 	Hieronymi 	hieronymi@gmx.net 	
	
Andreas 	Ager 	agerandreas@hotmail.com 	
	
Andreas 	Maxigall 	maxigall5@yahoo.com 	
	
Andreas Maria 	Bauhofer 	a-m.bauhofer@t-online.de 	
	
Andrei and Victoria 	Ivanov 	victoria.ivanoff@sympatico.ca 	
	
Andres 	Matos 	vagando@hotmail.com 	
	
Andrew 	Corns 	andrewcorns@care2.com 	
	
Andrew 	Hoskins 	andrew_hoskins@hotmail.com 	
	
Andrew 	Hutchinson 	AndyW_Noltm2002@yahoo.co.uk 	
	
andrew 	bugeja 	andrew_bugeja@hotmail.com 	
	
Andrew 	Salkeld 	salkeldandrew@msn.com 	
	
Andrew 	Shafer 	drew.shafer@yahoo.com 	
	
Andronicus 	Torp 	andronicus@natha.dk 	
	
Andy 		andy_nottm2002@yahoo.co.uk 	
	
Andy 	Reece 	dharmahound@gmail.com 	
	
Andy 	Bugeja 	andrew.bugeja@hotmail.com 	
	
Anette 	Jacobsen 	orlovhurra@mail-online.dk 	
	
Ang 	Kean 	anghuah@hotmail.com 	
	
Angela 	Lucas 	lightworking@gmail.com 	
	
Angela 	Gallagher 	angelagallagher622000@yahoo.co.uk 	
	
Angelica 	Muha 	angelicmuha@yahoo.com 	
	
Angelika 	Doerne 	gelidoerne@hotmail.com 	
	
Angelus 	Kroner 	outofkarma@yahoo.com 	
	
Ania 	Gospodarek 	a_gospodarek@gmx.de 	
	
Ania 	Paradowska 	areczka@yahoo.com 	
	
Aniela 	Mora 	aniela_m@hotmail.com 	
	
Anita 	Breuer 	spriess@yahoo.com 	
	
Anita 	Breuer 	anitabreuer81@yahoo.com 	
	
Anita 	Stiegler 	anitastiegler@hotmail.com 	
	
Anita 	Schurink 	anitaschurink@hotmail.com 	
	
Anita 	Dzogovic 	klea75@hotmail.com 	
	
Anita 	Tujula 	atujula@hotmail.com 	
	
Anja 	Gillmann 	agillmann@yahoo.de 	
	
Ann 	Christine 	taraof.peace@mail.tele.dk 	
	
Anna 	Norlin 	zionalv@yahoo.se 	
	
Anna 	Bligh 	annabligh@yahoo.com 	
	
Anna 	Pihlgrin 	cosmosanna@ofir.dk 	
	
Anna 	Watkins 	banane@purpleturtle.com 	
	
Anna 	Westcott 	harmonizekosmicstars@yahoo.com 	
	
Anna 		Bisquit_1@excite.com 	
	
Anna 	Komkova 	konvertanna@gmail.com 	
	
anna 	cimmino 	ajcfonte@yahoo.co.uk 	
	
Anna 	Neilson 	anna.neilson@mcgil.mcgill.ca 	
	
Anna and Boris 	Gernega 	h_gernega@hotmail.com 	
	
anna-lea 	guarisco 	annalea@vtxmail.ch 	
	
Anna-Maria 	Rindone 	contact_anna@yahoo.com 	
	
Annabella 	Cremonte 	yogannaba@yahoo.it 	
	
Anne 	Kivimaa 	akivimaa@hotmail.com 	
	
Anne 	Owen 	annieowen31@yahoo.com 	
	
Anne 	Splettstoesser 	zoe7@gmx.de 	
	
Annette 	Greenberg 	annette.greenberg@teva.co.il 	
	
Annette 	Berger 	annette_berger@hotmail.com 	
	
Annica 	Mynax 	mynaxa@hotmail.com 	
	
Annie 	Farthing 	anniefarthing@hotmail.com 	
	
Annie 	Franz 	annie.franz@gmail.com 	
	
Annie 	Robertson 	arober@qwest.net 	
	
Annie 	Grady 	anniemgrady@hotmail.com 	
	
Annie 	Grady 	anniegrady@hotmail.com 	
	
Annkathrin 	Merk 	Annkathrin_merk@yahoo.de 	
	
Anouk 	Barbier 	anoukbarbier@voila.fr 	
	
Ans 	Berkelaar 	ansberkelaar@hotmail.com 	
	
Anthony 	o'Flynn 	divinemadman7@yahoo.com.au 	
	
anthony 	carruthers 	Anthony_carruthers@hotmail.com 	
	
Anthony 	Giles 	antonyrobertgiles@hotmail.com 	
	
anto 	ps 	antonellaps@gmail.com 	
	
Antonella 	Penco Salvi 	antonella.pencosalvi@fastwebnet.it 	
	
Antonietta 	Roberto 	antoniettaroberto@yahoo.co.uk 	
	
Anu 	Rati 	ishg4now@hotmail.com 	
	
Anurag 	Gupta 	funky_Anuoiag@reffmail.com 	
	
Anya 	Brand 	anyazoebrand@hotmail.com 	
	
Anya 	Surya 	anya_home@wp.pl 	
	
April 	Dawe 	aprildawe82@hotmail.com 	
	
Aram 	Zarifian 	aramzarifian@hotmail.com 	
	
Arden 	Scott 	aquamomma@hotmail.com 	
	
Ari 	Shenhar 	ari_shenhar@yahoo.com 	
	
Ari 	Saranga 	arie07@mail.com 	
	
Arick 	Peled 	ponti33@yahoo.com 	
	
Arjan 	Lighthawk 	prayerhawk@yahoo.com 	
	
Arlette 	Wuethrich 	arlet999@yahoo.com 	
	
Arnar 	Holm 	arnar@natha.dk 	
	
Arnaud 	Philibert 	philibert.arnaud@laposte.net 	
	
Arne 	Henning 	Arne.henning@mail.uni-oldenburg.de 	
	
Arthur 	Birago 	birago23@hotmail.com 	
	
Arthur 	Lederer 	arthur_lederer@yahoo.com 	
	
arturo 	molina 	amm_06@hotmail.co.uk 	
	
Arun 	Kumar 	arunshonu@hotmail.com 	
	
Asaf 	Weitzen 	asafthailand@yahoo.com 	
	
Asara 	Dale 	carasadale@yahoo.com 	
	
Ashanti 	Stearns 	shanti330@yahoo.com 	
	
Ashanti 	Stearns 	flaminghearttantra@yahoo.com 	
	
Ashlee Sakaishi 	Griffiths 	asakaishi.griffiths@gmail.com 	
	
Ashley 	Apple 	ashleyapplelove@hotmail.com 	
	
ashley 	apple 	rawapplelove@gmail.com 	
	
Assaf 	Peleg 	asfpel@yahoo.com 	
	
Assi 	Goldberg 	assigold@hotmail.com 	
	
Astarte Sharananda 	Deva 	healyourheart@hotmail.com 	
	
Attanasio 	Veronica 	vattan2sio@hotmail.com 	
	
Audrey 	Fiorini 	ma_tantale@hotmail.com 	
	
austin 	joe 	jonahaustin2002@yahoo.com 	
	
Avi 	Yasur 	ayasur@netvision.net.il 	
	
axya 	niemeijer 	axya108@yahoo.com 	
	
Ayelet 	Halfon 	ayeletha@hotmail.com 	
	
Ayelet 	Krisher 	ayeletkrisher@hotmail.com 	
	
Ayman 	Alabadleh 	ennas_m3aden@yahoo.com 	
	
aysegul 	feyzioglu 	aysegul.feyzioglu@gmail.com 	
	
Ballinari 	Ramon 	ramonballinari@gmx.ch 	
	
barbaarajo 	roberts 	barbarajo@barbarajo.com 	
	
Baya 	Syminton 	bayasyminton@hotmail.com 	
	
Beatrice 	Tomas 	photoshakti07@yahoo.co.uk 	
	
Becky 	Verner 	beckyverner@yahoo.co.uk 	
	
Belinda 	Stolfa 	belinda.stolfa@robertwalters.com.au 	
	
Bella 	Maria-Del-Sol 	miso@sympatico.ca 	
	
Ben 	Carver 	bencarver666@hotmail.com 	
	
Ben 	Galant 	galantbenzvi@hotmail.com 	
	
Benjamin 	Logassi 	benjilog@hotmail.com 	
	
Benny 	Lahat 	benny_fire@yahoo.com 	
	
Bern 	Haggard 	landrum1366@yahoo.com 	
	
Bernard 	Hennin 	bhennin@hotmail.com 	
	
Bernard 	Enders 	bernard.enders@hotmail.co.uk 	
	
Beth 	Fawcett 	sisterb@hotmail.com 	
	
Bettina 	Brenner 	bettina.brenner@cedefop.europa.eu 	
	
Betty 	Nayaboury 	bettynayaboury@wanadoo.fr 	
	
Bhawna 	Gesota 	bhawna1@yahoo.com 	
	
Bhawna 	Gesota 	bhawna_gestota@yahoo.com 	
	
Bill 	Moran 	bill@blueskyglobal.biz 	
	
Birgitta 	Salmonsson 	birgittasalomonsson@hotmail.com 	
	
Birte 	Kondrup 	bkondrup@hotmail.com 	
	
blair 	vanpelt 	bebopblair@yahoo.com 	
	
Blanca 	Sanchez 	blancadarling@yahoo.co.uk 	
	
Bo 	Norsker 	bonorsker@yahoo.com 	
	
Bo 	Sattva 	swadaji@hotmail.com 	
	
Bo 	Andersen 	landy@home.se 	
	
Boaz 	Cohen 	boaz_coen@hotmail.com 	
	
Boaz 	Kaye 	sir_boaz@hotmail.com 	
	
Bodha & Henri 	Lapinleimu 	eija@wimma.com 	
	
Bonnie 	Blair 	bonniemblair@rogers.com 	
	
Bosu 	Bidstrup 	bowbidstrup@yahoo.com 	
	
Bradut 	Boghita 	bradut@freeuk.com 	
	
Brenda 	Anderson 	brendala@gmail.com 	
	
Brenda 	Lee 	brendalee04@comcast.net 	
	
Brenda and Warren 	Reishus 	warrenbrenda@nexicom.net 	
	
Brian 	Edson 	brianedson@hotmail.com 	
	
brian 	dickson 	dickson_brian@hotmail.com 	
	
Brianna 	Tyler 	briarnatia@hotmail.com 	
	
Bridget 	Bridgeman 	merlokat@hotmail.com 	
	
Britta 	Koehnlein 	britta.koehnlein@gmx.de 	
	
Brittney 	Stanford 	luvboatcaptain10@aol.com 	
	
Bruno 	Prager 	bruno_prager@hotmail.com 	
	
C 	Martinier 	cmartinier@yahoo.fr 	
	
Camilla 	Cameron 	camillacameron@hotmail.com 	
	
Camilla 	Clausen 	mille@mail-online.dk 	
	
Camilla 	Hellberg 	millahellberg@yahoo.com 	
	
Camille 	Niquin 	camille3005@caramail.com 	
	
Camille 	RIVIERE 	camilleriviere@yahoo.fr 	
	
Caramalac 	Marius 	www.lorensz777@yahoo.com 	
	
Caramalac 	Lorens 	lorens4_u@yahoo.com 	
	
Cardyn 	Coles 	cardyn.innersmile@yahoo.co.uk 	
	
Carlos 	Ceballos 	carlos.ceballos@gmail.com 	
	
Carlos and Gail 	Cohen 	carloscohen@sympatico.ca 	
	
carly 	Allen 	carlyontour@googlemail.com 	
	
Carmel 	Lalo 	plumppear@hotmail.com 	
	
Carmen 	Olariu 	carmenolariu@hotmail.com 	
	
Carmit 	Cohen 	cacohen@bezeqint.net 	
	
Carole 	Beaicbrk 	caolebeaicbrk@yahoo.com 	
	
Caroline 	wilcock 	wilcockcaroline@hotmail.com 	
	
Caroline 	Hoffmann 	CarolineHoffmann@gmx.at 	
	
Carolyn 	Bergsheff 	c.bergsheff@yahoo.com 	
	
Carolyn and Jim 	Bossi and Rowland 	jimylcan@hotmail.com 	
	
Casey 	Frieder 	birdfrieder@hotmail.com 	
	
Cathal 	McCarron 	cathalmc@hotmail.com 	
	
Catherine 	Fuller 	catflower6@hotmail.com 	
	
catherine 	lanyon 	karmacath@yahoo.com 	
	
Cathrin 	Fritz 	catcosmic@hotmail.com 	
	
Cathy 	Law 	the_yogaroom@yahoo.co.uk 	
	
Cecilia 	Caballero 	iamcecy@hotmail.com 	
	
Cecilia 	Benavides 	ceciliabenavides@aol.com 	
	
Cecilia 	Linden 	cclinden@hotmail.com 	
	
Ceyla 	G?lc?kl? 	ceyla@superonline.com 	
	
Chanan 	Schwartz 	solarion@bezeqint.com 	
	
Chance 	Connelly 	chance.connelly@gmail.com 	
	
Charlene 	Deck 	charlenedeck@yahoo.com 	
	
Charlotte 	Revell 	c.revell@accountemps.co.uk 	
	
Charlotte 	Doering 	charbubbles@hotmail.com 	
	
Chelsea 	Sunkosi 	moonsprout@hotmail.com 	
	
Chelsea 	Gibson 	cgibbs66@hotmail.com 	
	
Chelsea 	Morgan 	morchelsea@gmail.com 	
	
Chelsy 	Cooper 	chelsycooper@hotmail.com 	
	
Chen 	Zakay 	chen_zakay@hotmail.com 	
	
Chersti 	Wilkinson 	pixshee@yahoo.co.uk 	
	
Chiaki 	Atsumi 	bigeye28@hotmail.com 	
	
Chloe 	Lessiau 	cinamonangel@hotmail.com 	
	
Chris 	Waghorn 	user@swainslane.freeserve.co.uk 	
	
Chris 	French 	chris@seafrench.com 	
	
Chris 	Richard-Jones 	rigel@orange.net 	
	
Chris 	Tucker 	christucker999@hotmail.com 	
	
chris 	apost 	christeas49@yahoo.com 	
	
Christer 	Ogander 	cogander@dot.se 	
	
Christian 	K 	christian_isde_sun@gmx.net 	
	
Christian 	Lipp 	christianlipp@hotmail.com 	
	
Christian 	Tzurcanu 	ctzurcanu@yahoo.com 	
	
Christiania 	Dufour 	christidufour@bluewin.ch 	
	
Christina 	Branco 	kingstonpsychotherapist@sympatico.ca 	
	
christina 	devi 	info@ompalace.com 	
	
Christine 	Crimack 	bigbirrdd@hotmail.com 	
	
Christine 	Fehr 	chrislicht@web.de 	
	
Christine 	Denkewalter 	denk@endsound.com 	
	
Christine 	Nystrup 	christinenystrup@backpacker.com 	
	
Christoph 	Seitinger 	astronom@hotmail.com 	
	
Christophe 	Moreau 	chrismoreau2003@yahoo.fr 	
	
Christopher 	McCann 	cmccann10@hotmail.com 	
	
Chrystal 	Chantel 	daybreakgolden@yahoo.com 	
	
Cindy 	S 	ajarncindy@hotmail.com 	
	
Cindy 	Boyer 	cindy.boyer@sympatico.ca 	
	
Cindy 	Brooks 	cindy2roc@myway.com 	
	
Cindy 	Miralt 	cindy@theinnerlightstudio.com 	
	
Ciprian 	Porumb 	ciprianpo@yahoo.com 	
	
Cissy 	Coenraad 	indiacis@gmail.com 	
	
Claire 	Inde 	claire.inde@free.fr 	
	
claire 	everett 	caeverett@hotmail.com 	
	
Clare 	O'Gorman 	ogormanclare@hotmail.com 	
	
Clare 	Tailor 	claret1982@hotmail.com 	
	
Claud 	Vaduva 	c_vaduva@yahoo.com 	
	
Claude 	Pierrette 	kenypierrette@hotmail.com 	
	
Claudia 	Bauer 	aracuja@hotmail.de 	
	
claudia 	fernandez 	clau_fernandez@hotmail.com 	
	
Claudia 		laadidaa@telstra.com 	
	
Claudine 	Olejnik 	claudineolejinik@hotmail.com 	
	
Claudio 	Caselli 	c.caselli@gmx.net 	
	
Claudiu 	Trandafir 	hamsagaruda@yahoo.com 	
	
Cliff 	Lonner 	clifftravel@hotmail.com 	
	
Colette 	Le Fort 	clefort@14degreesnorth.com 	
	
Colin 	Reid 	freerheel@yahoo.com 	
	
Colin 	Wheeler 	taltosh@gmail.com 	
	
Colleen 	Mathieu 	sco2bd2@hotmail.com 	
	
collyn 	lovelace 	collynlovelace@hotmail.com 	
	
Coman 	Eugen 	paltinis@yahoo.fr 	
	
Condor 	Adriana 	ada_c31@yahoo.com 	
	
Consuelo Marie 	De Guambana 	consuelomarie@yahoo.com 	
	
Corina 	Crawley 	corina.crawley@gmail.com 	
	
Corinne 	Ruiz 	ruizcorinne67@yahoo.fr 	
	
Corinne 	Schertenleib 	marcelcorrine@hotmail.com 	
	
cosmin 	spiridon 	cosminspiridon@hotmail.com 	
	
Craig 	Johnson 	mmmoksha@hotmail.com 	
	
Cristian 	Christensen 	cristian@get2net.dk 	
	
Cristina 	Unida 	kayam@tiscali.net.it 	
	
cristina 	petrea 	saktiwoman@yahoo.com 	
	
Dafna 	Cohen 	dafnaleecohen@yahoo.com 	
	
Dafna 	Dillon 	dafna107@hotmail.com 	
	
Dag 	Steiner 	Dag_steiner@yahoo.de 	
	
Daksha M 	Patel 	daks_1937@yahoo.co.uk 	
	
Dan 	Rosenberg 	dan_rosenberg@hotmail.com 	
	
Dana 	Datcu 	DDA@pls.dk 	
	
Dana 	Berenson 	dberenson@hotmail.com 	
	
Dana 	Blackwell 	danaleeblackewell@yahoo.com 	
	
Dana 	Tane 	dtane@yahoo.com 	
	
dana 	tupa 	danatupa@hotmail.com 	
	
Daniel 	Fryn 	difugi@mailcity.com 	
	
Daniel 	Pryn 	daniel_pryn@yahoo.dk 	
	
Daniel 	Mirecki 	mirecki@telus.net 	
	
Daniele 	Jany 	danielejany@hotmail.com 	
	
Danielle 	Delannoy 	danielle_delannoy@federatedpress.com 	
	
Danny 	Hoehne 	swallow_tail@web.de 	
	
Daphna 	Stark 	daphna_ys@yahoo.com 	
	
Darin and Wendy 	Madore 	shanti@reach.net 	
	
Darren 	Thomas 	darren-thomas@lineone.net 	
	
Dave 	Nelson 	davecustard@hotmail.com 	
	
David 	Caussieu 	caussieu@compaqnet.fr 	
	
David 	Connolly 	unclefraggle@campus.ie 	
	
David 	Faulkner 	bidiju@yahoo.com 	
	
David 	Allaroice 	davidaone@yahoo.co.uk 	
	
David 	Lutt 	davlu13@hotmail.com 	
	
David 	Raccah 	dudino1@hotmail.com 	
	
David 	Swann 	swanneeji@hotmail.com 	
	
David 	Almeida 	david79almeida@yahoo.com 	
	
david 	ryan 	jokin@xtra.co.nz 	
	
David 	McMurtry 	dmcmurtry@hotmail.com 	
	
David 	Mathews 	curlydavemathews@yahoo.com 	
	
David 	Millner 	earthenergies@gmail.com 	
	
Davide 	Bertarello 	devidattaji@yahoo.it 	
	
Daya 	Nelson 	dayamy@hotmail.com 	
	
Daya 	Nelson 	zyotich@hotmail.com 	
	
Daysha 	Hampton 	daysha19@yahoo.com 	
	
Dean 	Draper 	dean_drpr@yahoo.com 	
	
Dean (Kala Natha) 	Creedy 	kala@elementsofhealth.com.au 	
	
Deana 	Gil 	deanakarp@bellsouth.net 	
	
Debbie 	Reeds 	BK@soulsanook.com 	
	
Debbie 	Wolfe 	debheadwolfe@hotmail.com 	
	
Debora 	Roggeri 	aghaliha@yahoo.it 	
	
Deborah 	Polonsky 	deborahpolonsky@hotmail.com 	
	
Deborah 	Ford 	fjords@freezone.co.uk 	
	
Debra 	Redley 	debraredley@hotmail.com 	
	
Deenah 	Farrell 	deefame@hotmail.com 	
	
Deepak 	sharma 	dk_osho@yahoo.com 	
	
Deirdre 	Glen 	deirdreglen@yahoo.com 	
	
Denisa 	Paleckova 	dionyska@volny.cz 	
	
Denny 	Zimmel 	sirhugalot99@yahoo.com 	
	
Derek 	Singh 	drk_singh@yahoo.com 	
	
Devora 	de Jonge 	info@dejongeguitars.com 	
	
Devrim 	Lotus 	lotusbornchenresig@yahoo.de 	
	
Dewi 	Farida 	kartoffeln_d@yahoo.com 	
	
Dhyan 	Pavitra 	rachaela7@yahoo.com 	
	
Diana 		barbarus@kfhik.hu 	
	
Diane 	Tremblay 	tdia@generation.net 	
	
Diane 	Brunelle 	dbrunelle@ogilvyrenault.com 	
	
Dilkie 	Akmeemana 	dilkiea@hotmail.com 	
	
dimitris 	athiridis 	innerlight@panafonet.gr 	
	
Dirk 	Bamelis 	dirkbamelis@yahoo.com 	
	
Dirk 	Ruppik 	SL2SL@web.de 	
	
Doina 	Oprea 	Doina.Oprea@gmail.com 	
	
Dominic 	Finan 	dominicfinan@ireland.com 	
	
Dominic 	Beaulieu 	projetconscience@hotmail.com 	
	
Dominic 	Whitson 	domwhiston@yahoo.com 	
	
Dominique 	Sy 	light_of_the_soul25@yahoo.ca 	
	
Don 	Hornback 	hornbackdon@aol.com 	
	
Donna 	Mendis 	dmendis99@yahoo.com 	
	
Donna 	Houghton 	ddhoughton15@yahoo.com 	
	
Donna 	Hanser 	donna.shamanana@gmail.com 	
	
Doris 	C 	dorisuca@yahoo.com 	
	
Dorli 	Dillon 	d_principesa28@hotmail.com 	
	
Doyon 	Hwang 	doyon.hwang@gmail.com 	
	
Dr.Nitin 	Unkule 	vedayoga@pn2.vsnl.net.in 	
	
Dror 	Goldbaum 	dror_gold@hotmail.com 	
	
Dror 	Zohar 	dror_zohar@yahoo.com 	
	
Dustin 	DiPerna 	dustindiperna@gmail.com 	
	
Eckart 	Andreae 	eckart.andreae@gmail.com 	
	
Eckhard 	Fehr 	nagpa66@yahoo.com 	
	
Ed 	Ritger 	eritger@onebox.com 	
	
Eduardo 	Torres 	etorres2000@msn.com 	
	
Eerika 	Yli-Mattila 	eerikala@yahoo.co.uk 	
	
Efrat 	Mor 	efratatious@hotmail.com 	
	
Eija and Henri 	Lapinleimu 	henri@wimma.com 	
	
Eimek 	Gavigan 	egavigan@hotmail.com 	
	
Einan 	Snir 	enan_snir@yahoo.com 	
	
Einat 	Danieli 	einat_danieli@hotmail.com 	
	
Elad 	Hadad 	eladhadad@yahoo.com 	
	
Elaine 	Knight 	lata_knight@yahoo.ca 	
	
Elan 	Frenkel 	elan.frenkel@gmail.com 	
	
Eleanor 	Marney 	sangga55@hotmail.com 	
	
Eleesha 	Drennan 	avocadtoes@yahoo.com 	
	
Elena 	Wheeler 	wheedl@yahoo.com 	
	
elena-maria 	marin 	maya_maria69@yahoo.com 	
	
Eleni 	Tzellou 	eleni.tzellou@excite.com 	
	
ELENI 	NIKOLIADI 	elnikol@mail.gr 	
	
Eli 	RadinjskyLax 	eliko61@yahoo.com 	
	
Eliane 	Castonguay 	elmc13@yahoo.ca 	
	
Elim 		bella73us@yahoo.com 	
	
Elina 	Zimmerman 	elinazimmerman@gmail.com 	
	
Elisa 	Hartwig 	elisa.hartwig@gmail.com 	
	
Elisabeth 	Koopmans 	casashakti@yahoo.com 	
	
Elisabeth 	?stgaard 	elisaost@online.no 	
	
Elisabeth 	Heartl 	liz.heartl@gmx.rel 	
	
Elisabetta 	Salusso 	lisasalusso@hotmail.com 	
	
Elise 	Kleisen 	elisekleisen@hotmail.com 	
	
Elise 	Parsons 	tanahata@yahoo.com 	
	
Eliza 	Cleeman 	iubire@worldonline.dk 	
	
Eliza 	Shablovska 	vellisa_9@hotmail.com 	
	
Elizabeth 	Kurata 	liz6604@yahoo.com 	
	
Elizabeth 	Dietrichsen 	liesbet@myway.com 	
	
elizabeth 	delval 	Bethnjess4@cox.net 	
	
Ella 	White 	ballbellaella@yahoo.co.uk 	
	
Ellen 	Guzauski 	ellenguz@optonline.net 	
	
Ellen 	Joseph 	raquel8@comcast.net 	
	
Elly 	Smith 	ellylyra@yahoo.com 	
	
Elly 	Van Zandwijk 	ellyvanzandwijk@yahoo.com 	
	
Elodia 		jayashrii2001@yahoo.com 	
	
Elodie 	Delettre 	elodiedel@yahoo.fr 	
	
Elric 	Centers 	elsbrico@gmail.com 	
	
Elsy 		esly3@yahoo.com 	
	
Ema 	Farkas 	awakenwithin@hotmail.com 	
	
Emalese 	Russell 	billydancer@yahoo.com.au 	
	
Emilie 	Piette 	emiliepiette@hotmail.com 	
	
Emily 	Hall 	loveemyhats@hotmail.com 	
	
Emily 	Matthews 	emms_24@hotmail.com 	
	
Emily 	FArkas 	emmy_ghb@yahoo.com 	
	
emily 	robinson 	EmilyRobinsonAZ@gmail.com 	
	
Emma 	Strutt 	emmsicle@hotmail.com 	
	
Emma 	Ryhre 	oonistar@hotmail.com 	
	
Emma-Lea 	Almeen 	lealivalmeen@hotmail.com 	
	
Emmanuel 	Mougenot 	manumou1@yahoo.fr 	
	
Emmanuel 	Simond 	esimond@caramail.com 	
	
ENA 	MONTELEONE 	ena1796@yahoo.ca 	
	
Enis 	Hacioglu 	enis.h@gmx.net 	
	
Eoghan 	Mullan 	eoghanmullen@bigfoot.com 	
	
Eralp 	Akyol 	eralpakyol@hotpop.com 	
	
Eran 	Evneri 	pravaslifestyle@yahoo.com 	
	
Eran 	Sheriff 	eran@eransheriff.com 	
	
Eric 	Champagne 	mandrick98@yahoo.com 	
	
Eric 	Melloul 	ericmelloul@yahoo.com 	
	
Eric 	Stryson 	stryson@socialpotential.com 	
	
Eric 	Butz 	drbutz@sympatico.ca 	
	
Eric 	Brandt 	catsetsail@yahoo.com 	
	
Eric 	Forster 	evf6@hotmail.com 	
	
Erik 	Teichmann 	erikt114@yahoo.com.au 	
	
Erik 	Von_Vollenweider 	erikvonvollenweider@hotmail.com 	
	
Erik 	Peltz 	peltzerik@hotmail.com 	
	
Erika 	van Swieten 	hcswieten@planet.nl 	
	
Erin 	Dixon 	esdixon@wildmail.com 	
	
Ester 	Cerro 	estercilla_es@yahoo.es 	
	
Esther 	De Dugelis 	dixir@divcon.co.uk 	
	
Esther 	van Looij 	e_van_looij@hotmail.com 	
	
Esther 	Stoffels 	e.stoffels@zonnet.nl 	
	
Eva 	Visser 	evalaya@hotmail.com 	
	
?va 	R?sch 	evaresch@freemail.hu 	
	
Eva 	Gal 	egalocs@gmail.com 	
	
Eva 	Crveger 	Kisagotami@web.de 	
	
evelyn 	hadican 	evelynhadican@sympatico.ca 	
	
Evi 	Kasseroler 	evi@hotel-adler.com 	
	
ewa 	bowtruczuk 	ewa.bowtruczuk@aster.pl 	
	
Eyal 	Barak 	barakeyal@hotmail.com 	
	
Eyal 	Rosenthal 	eyalrosenthal@hotmail.com 	
	
Eyal 	Weitzner 	eyal_22@hotmail.com 	
	
Eyal 	Matsljah 	eyalnow@yahoo.com 	
	
Eytan 	Fireberg 	meshige@hotmail.com 	
	
Farrah 		divineliving22@hotmail.com 	
	
Fe 	Dwyh 	fedwyh@yahoo.com 	
	
Fernando 	Blanco 	carnam99@hotmail.com 	
	
Fiona 	Burger 	fionaburger22@hotmail.com 	
	
Fiona 	Palmer 	Fiona.Palmer@rspb.org.uk 	
	
fione 	lee 	fione0609@yahoo.com.hk 	
	
Firstname 	Surname 	testing@test.co.uk 	
	
Flavio Kenji 	Takiei 	feijao2001@hotmail.com 	
	
Fleur 	Hardman 	fleur_hardman@hotmail.com 	
	
Fleur 	ten Bos 	ramravi@yogadelight.nl 	
	
Florin 	Lazar 	florinl@rasd.ro 	
	
Florin 	Predescu 	florincristian07@yahoo.com 	
	
franca 	bucciarelli 	ucci2003@libero.it 	
	
Frances 	Dodsworth 	fdodsworth@shaw.ca 	
	
Francesca 	Bevilacqua 	miedosh3@yahoo.it 	
	
Franceska 	Alexander 	ambienet_beauty@yahoo.com 	
	
Franchesco 	Franco 	franco1@cox.net 	
	
Francisc 	Nagy-Bjorrn 	francisc@hotmail.com 	
	
Francosa 	Ria 	f_ria@yahoo.com 	
	
Frank 	Yaacov 	frank100@inter.net.il 	
	
Frank 	Ragonese 	frankragonese2@yahoo.com.au 	
	
Franky 	Salou 	lbv1@msn.com 	
	
Frederic 	Vidal 	Fred_Vidal@hotmail.com 	
	
Frida 	Kolasa 	frida_kolasa@hotmail.com 	
	
frits 	roessingh van iterson 	newmillenniman@hotmail.com 	
	
Fritz 	Joss 	fjoss_7@yahoo.de 	
	
Fuyoku 	Nomoto 	fuyokuhime@hotmail.com 	
	
Gabriel 	Gheorghiu 	gabison@gmail.com 	
	
Gabriel 	Baizeau 	gabrielbaizeau@yahoo.fr 	
	
Gabriela 	David 	gabriela7@forum.dk 	
	
Gabriela 	Gadea 	kulasundarigg@yahoo.com 	
	
Gabriella 	Hanegbi 	naama_hanegbi@yahoo.com 	
	
Gabrielle 	Kenny 	gabby_babee@hotmail.com 	
	
Gabrielle 	Earls 	gabrielle149@yahoo.com 	
	
Gaby 	Ilie 	95414@udd.gentoftesem.dk 	
	
Gahl 	Sasson 	gahlsasson@sbcglobal.net 	
	
Gal 	Padani 	galpadani@hotmail.com 	
	
Galia 	Tagger 	galiatagger@hotmail.com 	
	
Galit 	Levi 	levi_galit@yahoo.com 	
	
Galit 	Offenberger 	galito1@hotmail.com 	
	
Galit 	Sarat 	galitsarat@hotmail.com 	
	
ganesh 	krishnamurthy 	sputy@hotmail.com 	
	
Garth 	Bowden 	gaffa.bee@virgin.net 	
	
Geoff 	Torkington 	mynuisance@hotmail.com 	
	
george 	tentomas 	g_tentomas@yahoo.gr 	
	
Georgia 	Glen 	earlobee@hotmail.com 	
	
Georgia 	Schumann 	georgiaschumann@hotmail.com 	
	
Georgiana 	Danet 	georgiana_d@hotmail.com 	
	
Gerda 	Haage 	gerdahaage@yahoo.de 	
	
Gert 	De Schaepmeester 	gerton7@yahoo.com 	
	
Gikha 	Delannoy 	gdelannoy@trebnet.com 	
	
Gil 	Stavy 	gstavy@gmail.com 	
	
Gili 	Shilo 	gili_shilo@yahoo.com 	
	
Gill 	Cohen 	cohengil@hotmail.com 	
	
Gill 	Bleasdale 	timandgill@googlemail.com 	
	
Gillian 	Twomey 	gtwomey@hotmail.com 	
	
Golan 	Nili 	nili_golan@hotmail.com 	
	
Gonny 	Reichman 	gonny@rahan.org.il 	
	
Gorka 	Cruz 	gorkacruz@hotmail.com 	
	
Grace 	Purusha 	gracepurusha@aol.com 	
	
Graeme 	Smith 	gonadz98@hotmail.com 	
	
Graham 	Vincent 	gvincent@provis.ca 	
	
graham 	pilgrim 	grahampilgrim@hotmail.com 	
	
Grant 	Segall 	grantsegall@gmail.com 	
	
Greg 	Nunn 	gregnunn@chariot.net.au 	
	
Gregor 	Lo Presti 	greglopi@gmail.com 	
	
Gregorio 	Acuna 	kayuamari@yahoo.com 	
	
Gregoriou 	Talya 	talyagregoriou@yahoo.com 	
	
Gregory and Sally 	Ward and Thurlow 	glaslyn@sympatico.ca 	
	
greilsammer 	hagit 	hagitji@gmail.com 	
	
Grigoris 	Chatzikostas 	gkchatzi@freemail.gr 	
	
Guenter 	Riethmacher 	Ritus@web.de 	
	
Guido 	Falke 	eklaf@web.de 	
	
gur 	azikri 	gurazikri@hotmail.com 	
	
Gurvinder 		Parmarg@yahoo.com 	
	
Guy 	Amit 	guyam1@speedy.co.il 	
	
Guylaine 	Lanthier 	guylaineyoga@sympatico.ca 	
	
Gwendy 	Kilfoyle 	sattvictraveller@yahoo.com 	
	
Gwenndalyne 	Bauer 	gwenndalyne@gmail.com 	
	
Hagit 	Greilsammer 	mail@hagit_dance.com 	
	
hagit 	greilsammer 	mail@hagit-dance.com 	
	
Haim 	Barbalat 	hbarbalat@hotmail.com 	
	
Hamid 	Wahid 	hamistar77@yahoo.co.uk 	
	
hana 	mokrisova 	moogirl227@yahoo.co.uk 	
	
Hannah 	Carpenter 	ojasananda@yahoo.com 	
	
Hannah 	Trosbjerg 	hannetr@image.dk 	
	
Hannah 		ojasananda@yahoo.co.uk 	
	
Hannah 	Trosbjerg 	hannahtr@webspeed.dk 	
	
Hanneke 	Haas 	pippi@haarcreaties.nl 	
	
Hannelore 	de Vries 	hannelorev@yahoo.com 	
	
Hanon 	Azron 	hanonazron@hotmail.com 	
	
Harald 	Weichhart 	austrianronin@gmak.com 	
	
Harella 	Olshansky 	Harellon@hotmail.com 	
	
Haris 	Klonaris 	hkonaris@hotmail.com 	
	
Harmony 	Hannigan 	harmony_hannigan@hotmail.com 	
	
Harry 	Goldstein 	harrygol@bezeqint.net 	
	
Harry 	Sarantoglou 	harryelektron@myself.com 	
	
Harvey 	Davis 	harvey_d@ghaym-meuchad.org.il 	
	
Heather 	Lemert 	mariposas@hotmail.com 	
	
Heather 	Mcgeory 	mcgeory@yahoo.com 	
	
Hector 		Hector@get2net.dk 	
	
Heidi 	Smith 	catch_heidi@yahoo.co.uk 	
	
Heidrun 	Muller 	heidrunn@gmx.net 	
	
Heike 	Klemme 	hklemme@hotmail.com 	
	
Helen 	Lewis 	helenlewishere@yahoo.com.au 	
	
Helen 	Porter 	h_j_p_beauty@hotmail.com 	
	
helen 	wodetzki 	helen.wodetzki@bigpond.com 	
	
Helmut 	Wiedel 	dissy21@foni.net 	
	
Henrick 	Lindstrom 	henrick_lindstrom@hotmail.com 	
	
Henrik 	Lauland 	hlau3@yahoo.com 	
	
Henrik 	Laulund 	henrik.laulund@gmail.com 	
	
Herbert 	Bachinger 	herbertb123@hotmail.com 	
	
Hila 	Moris 	hilamoris@hotmail.com 	
	
Hila 	Oded 	lila_028@hotmail.com 	
	
hila 	moris 	hila@mccanndigital.co.il 	
	
Hila 	Moris 	hila.m@euro4d.co.il 	
	
himansu 	rout 	hs.rout@hotmail.com 	
	
Hiromi 	Ogura 	hirohirogu@hotmail.com 	
	
Hiroyuki 	Imai 	hiroyuky@mail6.alpha-net.ne.jp 	
	
Hiroyuki 	Imai 	giraffe_sagittarius@yahoo.co.jp 	
	
Hiten 	Shah 	hitenunjha@gmail.com 	
	
Holger 	Misch 	holger_misch@web.de 	
	
holli 	elliott 	fallschurchyoga@gmail.com 	
	
Holly 	Lovegrove 	hollylovegrove@hotmail.com 	
	
Horia 	Bucurica 	horia@infotravel.dk 	
	
Hubert 	Huot 	ecofinishes@yahoo.com.au 	
	
Ian 	Myers 	myersi@stretch.co.uk 	
	
Ian 	Bell 	irbell1@gmail.com 	
	
Ian 	Woodmansey 	ian_woodmansey@yahoo.com 	
	
Idit 	Antebi 	iditanteby@hotmail.com 	
	
Ileana 	Athanatos 	lathanatos@hotmail.com 	
	
Ilich 	Heartsill 	ilich@rocketmail.com 	
	
Indra 	Bose 	indrabo@hotmail.com 	
	
Ines 		ines77772003@yahoo.es 	
	
Inga 	Ellertsdottir 	ingaell@yahoo.com 	
	
Inge 	Felet 	ingefelet@yahoo.com 	
	
Inger 	Agger 	inger.agger@gmail.com 	
	
Ingrid 	Goudsmit 	ingridgoudsmit@hotmail.com 	
	
Ingrid 	Arabela 	arabellai@hotmail.com 	
	
Ingrid 	Falch 	Ingrid_Falch@hotmail.com 	
	
Inka 	Fleur 	inka@sonnenkinder.org 	
	
Ino 	Pappa 	inoooo@gmail.com 	
	
Ioana 	Armiano 	info@ioanaarmiano.com 	
	
Ioanna - Theodoti 	Tziatzopoulou 	jo_bliss@hotmail.com 	
	
Irene 	Goes 	irene.goes@zonnet.nl 	
	
Irid 	Frielinghaus 	iridfrielinghaus@gmx.de 	
	
Irina & Adrian 	Platica 	iriadi99p@yahoo.com 	
	
Iris 	Hauptmann 	iris13art@hotmail.com 	
	
Iris 	Kaufman 	iris_k75@hotmail.com 	
	
Irit 	Korat-Rabin 	iritr@013.net.il 	
	
Irit 	Levi 	iritlevi@hotmail.com 	
	
Irja 	Hellstrom 	irjahellstrom@hotmail.com 	
	
Isabel 	Fdez 	recrearteintegr@yahoo.es 	
	
Isabell 	diehm 	isabell.diehm@gmx.ch 	
	
Isabelle 	Biennassis 	biennassis@yahoo.com 	
	
Isabelle 	Kressebuch 	isabell.kressebuch@zuerich.ch 	
	
ISIS 	FERNANDEZ 	isis_f@hotmail.com 	
	
Istvan 	Szekely 	istvanszekely@hotmail.com 	
	
Itay 	Aniv 	itayaniv@hotmail.com 	
	
Itay 	Mayrose 	itay_mayrose@hotmail.com 	
	
Itay 	Rotem 	rotemitay@hotmail.com 	
	
Itay 	Sharar 	itay82@netvision.net.il 	
	
Itay 	Yaniv 	itayaniv@hotmail.com 	
	
Itay 		sababush@hotmail.com 	
	
Ivan 	Colonbini 	nari72@yahoo.it 	
	
Ivon 	Vives Paracuellos 	ivonvives@hotmail.com 	
	
Jack 		cool.gyybt@yahoo.com 	
	
Jacob 	De Wilde 	jacobdewilde@hotmail.com 	
	
Jacob 	Schaible 	jacky_messer@yahoo.de 	
	
Jacob 	Schroder 	tantra@schroder.dk 	
	
Jacqueline 	Selig 	jacqcheese@yahoo.com 	
	
Jacqui 	Kelly 	yoginijacqui@gmail.com 	
	
Jacquie 	O'Sullivan 	j_osullivan@hotmail.com 	
	
jake 	mingenbach 	jakeming@gmail.com 	
	
James 	Chard 	james@agamayoga.com 	
	
James 	Harris 	jhbanana@hotmail.com 	
	
James 	Benzing 	jjhbenz@hotmail.com 	
	
Jami 	Goldman 	monkeyj42@yahoo.com 	
	
Jamie 	Clarke 	jamie_d_clarke@hotmail.com 	
	
jamie 	bytheway 	jbythewayside@gmail.com 	
	
Jan 	Koster 	bolenath@web.de 	
	
Jan 	Tomas 	schizu1701@hotmail.com 	
	
Jan 	Whacker 	janwhacker@hotmail.com 	
	
Jan 	Sjogren 	jansj2003@yahoo.co.uk 	
	
jane 	cooper 	janey.c@xtra.co.nz 	
	
Janelle 	Moodie 	janellemoodie@yahoo.com 	
	
Janice 	Robertson 	jlrobertson@hpedsb.on.ca 	
	
Jannie 	Bohn-Johansen 	jannie_dk@hotmail.com 	
	
Janty 	Andrew 	jantytrudy@hotmail.com 	
	
Jarkko 	Kaunismaki 	jaggans@telia.com 	
	
Jasmine 	Taylor 	Jastay222@hotmail.com 	
	
Jason 	Weber 	thesonofja@yahoo.com 	
	
Javier 	Molina 	javimolina@hotmail.com 	
	
Jay 	Parmar 	jay2par@rediffmail.com 	
	
Jean-Paul 	Montreuil 	jeanpaul53@hotmail.com 	
	
Jean-Philippe 	Sadoux 	sadouphilou@hotmail.com 	
	
Jeevan Lata 	Shukla 	drjeevanlatashukla@yahoo.co.in 	
	
Jeff 	Wilson 	jeffrey@gmail.com 	
	
Jeff and Dolly 	Heywood 	jeffdolly@comcast.net 	
	
Jeffrey 	Winsauer 	docwinsauer@hotmail.com 	
	
Jehoshua 	Camus 	jehoshuat@hotmail.com 	
	
Jenn 	Cloutier 	jenn.cloutier@gmail.com 	
	
Jennie 	Aberg 	dragonhearts@spray.se 	
	
Jennie 	Anderson 	jennie_lee_anderson@hotmail.com 	
	
Jennifer 	Brinn 	jenniferbrinn@yahoo.com 	
	
Jennifer 	Trefiak 	zen.jen@sympatico.ca 	
	
Jennifer 	Simms 	jennsimms@yahoo.com 	
	
Jenny 	van den Heuvel 	jennyvdheuvel@yahoo.com 	
	
Jens 	Chr-Ulrich 	jculrich@hotmail.com 	
	
Jens 	Toft-Pedersen 	j.toft@usa.net 	
	
Jeny 	Montgomery 	tantulio@yahoo.com 	
	
Jeremy 	Belzer 	invisiblenation@gmail.com 	
	
Jeroen 	Schipperij 	Jeroenthai@yahoo.co.uk 	
	
Jerome 	Balmet 	jeje.bal@caramail.com 	
	
Jesper 	Joergensen 	jesper567@yahoo.com 	
	
Jesper 	Saunte 	s@unte.dk 	
	
Jesper 	Saunte 	div@unte.dk 	
	
jess 	marsden 	jessmarsden@hotmail.com 	
	
Jessi 	Muenz 	jessimuenz@gmx.de 	
	
Jessica 	Semmel 	secondhandvest@yahoo.com 	
	
Jessica 	Bosch 	jessbosch@gmail.com 	
	
Jet 	Kellner 	jetkellner@hotmail.com 	
	
jeuline 	cavlin 	scintilla2005@yahoo.com 	
	
Jilles 	Waagmeester 	jilles@waagmeester.net 	
	
Jillian 	Wagg 	jillianwagg@hotmail.com 	
	
Jim 	Fitzpatrick 	Jimfitz67@yahoo.com 	
	
Jim 	Aplington 	jimaplington@noemailaddress.com 	
	
Jimena 	san Roman 	ximenasan@yahoo.com 	
	
Jimmy 	Teh 	jimmyanna@pd.jaring.my 	
	
Jivan 	Nikhil 	jivan_nikhil@hotmail.com 	
	
Jivan 	Sefti 	gilsefti@yahoo.com 	
	
Jivan 	Vasant 	erictwitty@canoemail.com 	
	
Jo 	Johnston 	jojohnston9@blueyonder.co.uk 	
	
Joachim 	Buhner 	joachim.buehner@eb.de 	
	
joanna 	rund 	joanna_rund@hotmail.com 	
	
Joanna 	Ayres 	jomunkie@aol.com 	
	
joanna 	wilson 	joanna.35@hotmail.co.uk 	
	
Job 	Boersma 	jobboersma@hotmail.com 	
	
jodi 	Downes 	jodidownes@yahoo.com.sg 	
	
Jodie 	Rossiter 	violetkama@yahoo.com 	
	
Jody 	Nassr 	jlnassr@sympatico.ca 	
	
Joe 	Exterovich 	joexsf@gmail.com 	
	
Joey 	Schooly 	joey.schooley@sympatico.ca 	
	
Johanna 	Pollet 	jojopol@gmx.de 	
	
Johannes 	Bonig 	siddhisearch@yahoo.com 	
	
John 	Garbarzyk 	johngarbar@aol.com 	
	
John 	Hollingsworth 	visarion67@yahoo.com 	
	
John 	Mavety 	john.mavety@uts.edu.au 	
	
Johnathan 	Human 	projectempathy@yahoo.com 	
	
Johnathon 	Russell 	jonnyruss18@hotmail.com 	
	
Johnny 	Sidoti 	giancarlo_sidoti@hotmail.com 	
	
Jonah 	Maurice 	jonahwanderfool@yahoo.co.uk 	
	
Jonathan 	Hey 	jon@tribalfusion.tv 	
	
Jonnen 	Viljanen 	jonnen-jahuu@yahoo.com 	
	
Jory 	Serota 	jmancloop@aol.com 	
	
Josen 	Kalra 	josenk@gmail.com 	
	
Joseph 	Bindloss 	jbindloss@bindloss.fsbusiness.co.uk 	
	
Joshua 	Gregg 	djg@hotmail.com 	
	
Josie 	Bennett 	bennett.josie@gmail.com 	
	
Joy 	Frederick 	joyfrederick@hotmail.com 	
	
judit 	eniko 	judy_eniko@yahoo.com 	
	
Judith 	Lackas 	jubila@gmx.net 	
	
Judith 	Lackas 	judithia234@yahoo.com 	
	
Judith 	Carter 	bertandjudy@hotmail.com 	
	
Judy 	Shoten 	judya@netvision.net.il 	
	
judy 	alexander 	letstryyoga@yahoo.co.uk 	
	
Julia 	Greenhough 	juliagreenhough@yahoo.co.uk 	
	
Julia 	Koch 	juls778@hotmail.com 	
	
Julia 	Majr 	maju88@hotmail.com 	
	
Julia 	Schluefter 	jschluefter@hotmail.com 	
	
Julia 		julypeti@hotmail.com 	
	
Julian 	Ventner 	space@otenet.gr 	
	
Juliane 	Richter 	richterjuliane@yahoo.de 	
	
Julien 	Balmer 	joolz@gmx.ch 	
	
julien 	michel 	jujumich@hotmail.com 	
	
Juliet 	Shaw 	jshawthing@hotmail.com 	
	
Justine 	Bonner 	justinebonner@hotmail.com 	
	
Justine 	Baruch 	baruchjustine@gmail.com 	
	
j?rgen 	lorani 	lorani@gmx.net 	
	
Kai 	Kr?ger 	kai.krueger@gmx.ch 	
	
kaka 	li 	bekaka@hotmail.com 	
	
Kaleigh 	Sainthill 	ksainthill@gmail.com 	
	
Kali 	Tyler 	aumdeva@hotmail.com 	
	
Kalotina 	Magierski 	tini-hh@gmx.net 	
	
Kames 	Thomsan 	james__2000@hotmail.com 	
	
Kanchan 	Harjani 	kanchanharjani@yahoo.com 	
	
Kaori 	Nakajima 	kaoringnakajima@hotmail.com 	
	
Karalyn 	Siner 	phoenixchickk@hotmail.com 	
	
Karan 	Rowe 	karan_rowe@optusnet.com.au 	
	
Kardula 	Hermann 	kardu.herr@gmx.de 	
	
Karen 	Verhoog 	karen.verhoog@lycos.co.uk 	
	
Karen 	Verhoog 	karen.verhoog@postoffice.co.uk 	
	
karen 	collins 	relaxaway@hotmail.com 	
	
Karen 	McMullen 	ksmcmullen@yahoo.com 	
	
Karen 	Cuthbert 	Karen.Cuthbert@edmonton.ca 	
	
Karen 	Williams 	kjwilliams6@hotmail.com 	
	
Karena 	Butler 	dunescape@hotmail.com 	
	
Karie 	reinertson 	sisterbluesky@gmail.com 	
	
Karin 	Jehle 	karinjehle@yahoo.de 	
	
Karine 	Jaume 	jaumekarine@yahoo.fr 	
	
karyn 	carne 	karyncarne@yahoo.com.au 	
	
kasia 	przykorska 	kasiazoom@hotmail.com 	
	
Kata 	Kerenyi 	kerenyikata75@hotmail.com 	
	
Kate 	Keady 	katekeady@hotmail.com 	
	
Kate 	Melson 	katlassie@yahoo.com 	
	
Kate 	Mulligan 	katiepiemull@yahoo.com 	
	
Kate 	Riedel 	tahinihoney@hotmail.com 	
	
Kate 	Shannon 	charliekate@hotmail.com 	
	
Kate 	Ball 	kdball@uoregon.edu 	
	
Kate 	Ramsey 	kaychee@gmail.com 	
	
Kate 	Brown 	Katie_b_87@hotmail.com 	
	
kate 	O'Brien 	katesao@hotmail.com 	
	
Kate 	Otruba 	kotruba@gmail.com 	
	
Katharina 	Arpagaus 	katharina.arpagaus@gmx.ch 	
	
Katharina 	Haller 	katharina.haller@gmx.ch 	
	
Katherina 	Kleinrath 	billie_kortinger@yahoo.com 	
	
Kathleen 	Leake 	Kathleenleake@hotmail.com 	
	
Katia 	Orozco 	keod75@yahoo.com.mx 	
	
Katie 	Uyede 	katieuyede@hotmail.com 	
	
Katie 	Winterbourne 	ktwinterbourne@usa.net 	
	
Katie 	Silcox 	jesseespain@yahoo.com 	
	
Katie 	Wheaton 	khouwheaton@hotmail.com 	
	
katja 	- 	catch_katja@yahoo.de 	
	
Katrin 	Geyer 	katrin.geyer@gmx.de 	
	
Katrin 	Knauth 	katrin_knauth@yahoo.de 	
	
Katrin 	Lux 	kat.lux@gmx.de 	
	
Katrin 	Itten 	katrinjj@yahoo.ca 	
	
Katrin 	Kirichenko 	shiatsulife@yandex.ru 	
	
Katrina 	Pollock 	katypollock@gmail.com 	
	
Kavita 	Keswani 	kavitakeswani@yahoo.com 	
	
kayo 	umeda 	k-umeda@phangan-traveler.com 	
	
Kayoko 		kokodelite@hotmail.com 	
	
Kees 	Kaya 	bagusprod@hotmail.com 	
	
Keir 	Desailly 	sea_keir@optusnet.com.au 	
	
Kelly 	Crow 	kellycherie13@hotmail.com 	
	
keng 	owlarn 	keng1957@gmail.com 	
	
Kenneth 	Gill 	slowballkg@aol.com 	
	
Kerensa 	Ward 	kerensaward@hotmail.com 	
	
Kerry 	Cunnington 	roamingthree@hotmail.com 	
	
Kerry 	Howarth 	kerrysworld@msn.com 	
	
Kersti 	Lindquist 	abhasa_@hotmail.com 	
	
Kevin 	Brown 	kevin@tantrawithlove.com 	
	
Kevin 	Gottesman 	kevin@donordigital.com 	
	
kevin 	space 	kevinspace4@hotmail.com 	
	
kevin 	bidwell 	lightfootsunseeker@yahoo.co.uk 	
	
Khushru 	Mistry 	inneralchemy@yahoo.com 	
	
Kieran 	Fox 	kieranfox@mac.com 	
	
Kim 	Reek 	kimberlyclarkje@hotmail.com 	
	
Kim 	Scott 	kscott@mba2002.hbs.edu 	
	
Kim 	Siljamaki 	ksiljama@abo.fi 	
	
Kim 	Claggett 	kimberc@iname.com 	
	
Kiovanna 	Rodriguez 	kiovanna@yahoo.com 	
	
Kira 	Yanenko 	kirkau@mail.ru 	
	
Kira 	Zaremba 	kisku@gmail.ru 	
	
Kira 	Zaremba 	kisku8@gmail.com 	
	
Kirsten 	Gogan 	kirstygogan@yahoo.com 	
	
Kirsten 	Matthews 	kirstenslostit@hotmail.com 	
	
Kit 	Wray 	kit_wray@hotmail.com 	
	
Klaus 	Koch 	yoga.muenchen@gmx.de 	
	
Knut Steffan 	Kvala 	travel@kvalas.no 	
	
Koch 	Klaus 	klaus.koch@icn.siemens.de 	
	
Koichiro 	Suga 	feather2001@hotmail.com 	
	
Kordula 	Herrmann 	kordu.herr@gmx.de 	
	
Koshek 	Swaminathan 	arasophia@yahoo.com 	
	
Kourosh 	Valadi 	korashv@yahoo.ca 	
	
Kristina 	Papazova 	krizalia@abv.bg 	
	
Kristine 	Burden 	krisburden@yahoo.com 	
	
Kristof 	Wittstock 	olister777@yahoo.com 	
	
kristof 	Nowodworski 	omkaramakara@yahoo.ca 	
	
Kristoffer 	Nelson 	heisbeautiful@hotmail.com 	
	
Kundalini 	Bennett 	kundalini@climbatree.com 	
	
Kvn 	Murthy 	vnmurthyk@yahoo.com 	
	
Kylie 	McGregor 	iamkyliem@hotmail.com 	
	
Kyoko 	Amano 	amachan@mxr.mesh.ne.jp 	
	
L. 	Harder 	lrharder@hotmail.com 	
	
L.E. 	Das 	dipani@hanmail.net 	
	
Laetitia 	Tisserand 	letitony@yahoo.com 	
	
laetitia 	tisserand 	leti2net@yahoo.com 	
	
Laine 	Redpath 	psyfly@hotmail.com 	
	
Laine 	Griffiths 	laineyg21@hotmail.com 	
	
Lajos 	Hinora 	lajos.hinora@yahoo.co.uk 	
	
lalit 	bhardwaj 	lbhardwaj@hotmail.com 	
	
Laly 	Shaked 	lalyshaked@hotmail.com 	
	
Lana 	Christenson 	playmuse@gmail.com 	
	
Lara 	Snel 	lara-sneldzumhur@hotmail.com 	
	
Lara 	Snel 	Lara_sneldzumhur@hotmail.com 	
	
Laura 	Egging 	lauraegging@gmail.com 	
	
Laura 	Megnagi 	lmegnagi@hotmail.com 	
	
Laura 	Peterson 	xenapeterson@hotmail.com 	
	
Laura 	Rose-Boyle 	listeningtouch@yahoo.com 	
	
Laura 	Burrows 	ljaburrows@hotmail.com 	
	
Laura 	Clavadetscher 	laura.clavadetscher@mymail.ch 	
	
Laura 	Thornton 	karmafun@htmail.com 	
	
Laura 	Bawn 	laurabawn@hotmail.com 	
	
Laurel 	Wichman 	laurel.wichman@gm.com 	
	
Lauren 	Walter 	lauren_walter@hotmail.com 	
	
Lauren 	Degilio 	Laurdeg@hotmail.com 	
	
Laurent 	Maillard 	bounnykine@yahoo.fr 	
	
leah 	currie 	a1leah@msn.com 	
	
Leah 	Tai 	leahctai@gmail.com 	
	
Leana 	Randol 	lnaczynski@hotmail.com 	
	
Leana 	Rack 	lotus1278@yahoo.com.au 	
	
Lee 		Lee_sh6@excite.com 	
	
Lee 		Lee_klug@hotmail.com 	
	
Lee 	young 	hl2owh@gmail.com 	
	
Leif 	Jensen 	leif_chr@forum.dk 	
	
Leif 	Karlsson 	leif.karlsson@gmail.com 	
	
Leigh 	Tillman 	ltbil@yahoo.com 	
	
Lena 	Samuelsson 	lena_sa@hotmail.com 	
	
Lena 	Walravens 	helene_walravens@hotmail.com 	
	
Lenora 	Cangeloso 	lenorerenewal@hotmail.com 	
	
Leon 	Sunman 	leon@ayurnet.co.uk 	
	
leroy 	scott 	sarah@un-limited.org 	
	
Lesley 	Gifford 	les_gif@hotmail.com 	
	
Lesley 	Omnet 	lesleyomnet@hotmail.com 	
	
Levi 	Reina 	levireina@bezeqint.net 	
	
Liam 	Beliveau 	beliwell@gmail.com 	
	
Liat 	Shahaf 	Liat_S@yaelsoft.com 	
	
Liat 		liatedelman@hotmail.com 	
	
Licly 	Ettena 	liclyettena@hotmail.com 	
	
Liesel 	Rigsby 	clrigsby@hotmail.com 	
	
Ligia 	Popescu 	ligia.popescu@srtlaw.com.ro 	
	
Lila 		lilas108@yahoo.co.uk 	
	
Lilian 	Van Dam 	lilianvandam@yahoo.co.in 	
	
Limor 	Bachar 	limorbachar@hotmail.com 	
	
Lina 	Granborg 	linagranborg@hotmail.com 	
	
Linda 	Burrell 	labelle1@hotmail.com 	
	
Linda 	Rand 	lindarand2000@hotmail.com 	
	
Linda 	Mc Carthy 	mccarthy_linda@yahoo.com 	
	
LInda 	Tisue 	haveatisue@yahoo.com 	
	
Linda 	Tomasone 	ltomasone@yahoo.com 	
	
Linda 	Tisue 	haveatisue@gmail.com 	
	
Lindsay 	Charron 	linds_ch@alcor.concordia.ca 	
	
Lindsey 	Clifford 	ldog60@hotmail.com 	
	
Lionello 	Benini 	lionellobenini@yahoo.com 	
	
Lior 	Gozlah 	lior557@yahoo.com 	
	
lirit 	klein 	liritklein@yahoo.com 	
	
Liron 	Kest 	lirave@hotmail.com 	
	
Liron 	Koren 	koren.liron@gmail.com 	
	
Lisa 	Mimoun 	lisamimoun@yahoo.com 	
	
lisa 	pollock 	holisticlisa27@hotmail.com 	
	
Lisa 	Yong 	lulutklm@yahoo.com.au 	
	
Lisa 	B?hrer 	mond.lisa@gmx.net 	
	
Lise 	Charriere 	lisepc@telus.net 	
	
Lisette 	Rinkema 	lisetterinkema@yahoo.com 	
	
Lison 		lisonms@yahoo.com 	
	
Liz 	Boucher 	ejboucher@hotmail.com 	
	
Lizzy 	Morter 	fairydance23@hotmail.com 	
	
Lonnelie 	Jansen 	lonnelie_j86@hotmail.com 	
	
Lonny 	Knapp 	lonnyknapp@gmail.com 	
	
loretta 	chardin 	lchardin@yahoo.com 	
	
Lori 	Doyle 	lori_doyle@hotmail.com 	
	
Louise 	Edwards 	kalyaniedwards@hotmail.com 	
	
Louise 	Brown 	louise_odette@hotmail.com 	
	
Louise 	Cook 	louisecook18@gmail.com 	
	
Luc 	Breugelmans 	lucnepal@gmail.com 	
	
Lucas 	Book 	l.book@comcast.net 	
	
Lucas 	Browning 	lucasbrowning@noemailaddress.com 	
	
Lucette 	d'Angelique 	lucette65@hotmail.com 	
	
Lucie 	Barber 	luciebarber@hotmail.com 	
	
Lucy 	Godfrey 	lucy@mediamart.co.uk 	
	
Lucy 	Faulkner 	faulknerlucy@hotmail.com 	
	
ludmilla 	nguyenduy 	ludmilladuy2003@yahoo.com 	
	
Luisa 	Moreno 	luisashani@yahoo.com.au 	
	
luiza 	ionela 	sambala1082000@yahoo.com 	
	
Luke 	Marphy 	marphyluke@hotmail.com 	
	
Luke 	Benard 	luke.benard@gmail.com 	
	
lydia 	sharman 	lydia@alcor.concordia.ca 	
	
Lynda 	Wieloch 	Lynda_wieloch@hotmail.com 	
	
Lyndsay 	Spencer 	lyndspencer76@hotmail.com 	
	
Lynn-Ann 	Nicholl 	ini@thestar.co.za 	
	
Lysanne 	Beaucage 	lysanne007@hotmail.com 	
	
Magda 	Petrou 	una_bee@hotmail.com 	
	
magdalena 	kusch 	magdalenakusch@web.de 	
	
Maggie 	Sisson 	purplemaggie@hotmail.com 	
	
Maggie 	Williams 	maggiewilliams2@btinternet.com 	
	
Magnus 	Schjoldan 	magnusschjoldan@hotmail.com 	
	
Maichael 	William 	tantrika@bigfoot.com 	
	
Maite 	Sandoval 	maitesandoval@gmail.com 	
	
Maja 	Ulbrich 	majaulbrich@hotmail.com 	
	
Malin 	Hansson 	skamdensomgersig@hotmail.com 	
	
Malinda 	Dickins 	maldoobie@hotmail.com 	
	
Mami 	Ito 	keitkei@hotmail.com 	
	
Mandu 	Buchanan 	nutbagges@hotmail.com 	
	
Mandy 	Szakacs 	nowhere360@hotmail.com 	
	
Manny 		mbjltd@netvision.net.il 	
	
Manon 	Vermette 	manonvermette1@sympatico.ca 	
	
Mantre 	Starski 	mantre@tlen.pl 	
	
Mara 	Grandinetti 	maanetti@hotmail.com 	
	
Mararete 	Stocker 	mararete.stocker@mx.de 	
	
Marc 		mmesich@uoguelph.ca 	
	
Marc 		spirulus@mweb.co.za 	
	
Marcel 	Martins 	marcelinindia@hotmail.com 	
	
Marco 	Bendoni 	marcobendoni48@hotmail.com 	
	
MARCO VINICIO 	CASTILLO ALVARADO 	squarepants210@yahoo.com 	
	
Marcus 	Marsh 	mmqpr@hotmail.com 	
	
Marek 	Holy 	ewaholy_3@msn.com 	
	
Margaret 	Hill 	mehem-@hotmail.com 	
	
Margarita 	Kaschenko 	terjupi@hotmail.com 	
	
Mari 	Myllikoski 	mylllykoski@gmail.com 	
	
Maria 	Girado 	giradom@hotmail.com 	
	
Maria 	Andersen 	mariamagdalena@iname.com 	
	
Maria 	Karlsson 	aloemaria@yahoo.com 	
	
Maria 	Mandani 	ianthi_uma@hotmail.com 	
	
Maria 	Ohrwall 	mariaohrwall@yahoo.co.uk 	
	
Marianne 	Stalder 	mariannestalder@yahoo.de 	
	
Mariannne 	Huibers 	m_huibers@hotmail.com 	
	
Marie 	Gardom 	scribblejuliet@mac.com 	
	
Marie 	Dumas 	merry.marie@gmail.com 	
	
Marie-Louise 	Ishack 	marielouise001@aol.com 	
	
Marieke 	Ern 	mareike.ern@web.de 	
	
Marieke 	Bult 	marieke@mbadvies.org 	
	
Mariel 	Altobello 	maltobello@hotmail.com 	
	
Mario 	Perez Naveda 	maiop@yahoo.com 	
	
mario 	torres 	Mario.Nicholas@gmail.com 	
	
Marion 	Fischer 	marionshakti@gmx.de 	
	
Marion 	King 	marionking23@hotmail.com 	
	
Marion 	Meynier 	mariondubrusc@yahoo.fr 	
	
Marisa 	Lehrmann 	marisalehrmann@hotmail.com 	
	
Marisa 	Purcell 	mp@marisapurcell.com 	
	
Marit 	Griffith 	maritgriffith@hotmail.com 	
	
Marita 	Cutajar 	tita017@hotmail.com 	
	
Marius 	Negrau 	m21w@yahoo.com 	
	
Marius 	Nicolaisen 	marius_nicolaisen@yahoo.dk 	
	
Marjaana 	Vainio 	marjaana_vainio@hotmail.com 	
	
Mark 	Carroll 	markarmas1@yahoo.com 	
	
Mark 	Roberts 	llandegai@hotmail.com 	
	
Mark 	Whyte 	gowhyte1@hotmail.com 	
	
Mark 	Hefferman 	shabbabling@yahoo.co.uk 	
	
Mark 	Hughes 	hughes_mark_m@hotmail.com 	
	
Mark 	Sawyer 	msawteach@hotmail.com 	
	
Mark 	Brettell 	sunlion8@gmail.com 	
	
Mark 	Woodside 	mwoodside@telus.net 	
	
Mark 	Smith 	markbrendonsmith@yahoo.com 	
	
Markku 	Tilli 	markku.tilli@gmail.com 	
	
Marlo 	Mercuri 	marsiem@hotmail.com 	
	
Marly 	battenburg 	batenburgml@gmail.com 	
	
Marta 	Owen 	marta_owen@yahoo.ca 	
	
Martin 	Cormier 	blueshiva@yahoo.com 	
	
Martin 	Svensson 	marsven@hotmail.com 	
	
Martin 	Jelfs 	m.jelfs@zen.co.uk 	
	
Martina 	Nowack 	martinanowack@hotmail.com 	
	
Martina 	Sevcikova 	martina.sevcikova@email.cz 	
	
Marva 	Tzalach 	marv_tz@hotmail.com 	
	
Marvin 	Reid 	marvinonthemove@hotmail.com 	
	
Mary 	Lacuna 	dionlacuna@hotmail.com 	
	
Mary Lynn 	Perry 	mlperry10@gmail.com 	
	
Mathew 	Olsen 	mathew_olsen@yahoo.com.au 	
	
Matilda 	Eriksson 	matilda_eriksson81@hotmail.com 	
	
Matthew 	Flower 	mflowernyc@yahoo.com 	
	
Matthew 	Halsey 	matthalsey@hotmail.com 	
	
Matthew 	Wigezellg 	steppenwig@hotmail.com 	
	
Matthew 	Wigzell 	steppenwig@hotmail.com 	
	
Matthew 	Nagel 	nagel.matt@gmail.com 	
	
Maud 	Drogi 	mauddrogi@gmx.de 	
	
Maura 	Cronin 	Mauraadillon@hotmail.com 	
	
Maureen and Andrew 	Salkeld 	maureensalkeld@msn.com 	
	
Max 	Stadler 	max_stadler@hotmail.com 	
	
maxie 	piper 	maxie.piper@berlin.de 	
	
Maya 	Waldman 	mayawa@hotmail.com 	
	
Maya 	Waldman 	mayywa@hotmail.com 	
	
Mayan 	Tzach 	mayanzuk@hotmail.com 	
	
Mayur 	Patel 	alchemic2002@hotmail.com 	
	
Mazilena 		mazilena@iemx.yz 	
	
Meg 	Dickens 	wanderingmegs@yahoo.co.uk 	
	
Meike and Angelika 	Hunefeld 	she-she@traditionelles-yoga.de 	
	
meinoud 	Rijnen 	meinoud@gmail.com 	
	
Melania 	Gil de Sagredo 	gildesagredo@hotmail.com 	
	
Melanie 	Leeder 	rollergirl09@hotmail.com 	
	
Melanie 	Thomson 	kalhoksan@yahoo.co.uk 	
	
Melanie 	Lord 	melanie.lord@swoxon-pcp.nhs.uk 	
	
Melissa 	Oei 	preying_mantis@hotmail.com 	
	
Melissa 	Breed 	melissabreed@yahoo.com 	
	
Mellissa 	Warren 	mellissa_warren@hotmail.com 	
	
Melpo 	Economou 	melpo_economou@hotmail.com 	
	
Merav 	Tal-or 	merav-talor@hotmail.com 	
	
Merrilyn 	Zaubzer 	radmaz@hotmail.com 	
	
Mic 	Wells 	swellsongs@hotmail.com 	
	
Michael 	Greene 	mike_em99@hotmail.com 	
	
Michael 	Harkness 	mikeinindia@yahoo.com 	
	
michael 	o'brien 	hamaah16@hotmail.com 	
	
Michael 	Adere 	michaela@cisco.com 	
	
Michael 	Barlow 	michaelbarlow@hotmail.com 	
	
Michael 	Julien 	migazelle@yahoo.fr 	
	
michael 	Pentiuc 	mihaiela@k.ro 	
	
Michael 	Perin-Wogenburg 	poseidon@swp.org 	
	
Michael 	Rowe 	sailrowmar@yahoo.co.uk 	
	
Michael 	Strehler 	mike@strehler.net 	
	
Michael 	Trefz 	kleineslaecheln@web.de 	
	
Michael 	Dunn 	spandashakti@yahoo.com 	
	
Michael 	Nadav 	mn1272@gmail.com 	
	
Michael 	Sitzer 	thaiyogaplay@care2.com 	
	
Michael 	Reinwald 	mitch_reinwald@hotmail.com 	
	
Michaela 	Walker 	funkyforestfairy@hotmail.com 	
	
michaela 	weikenstorfer 	michaela_wt@yahoo.de 	
	
michaela 	poeschl 	michaela.poeschl@hotmail.com 	
	
Michal 	Monka 	mmonka@hotmail.com 	
	
Michal 		Michalha@hotmail.com 	
	
Michal 	Marom 	michalmarom@yahoo.com 	
	
michalis 	vrettas 	babyluck77@hotmail.com 	
	
Michel 	Jorge 	michel_jorge@yahoo.com 	
	
Michele 	Carobolante 	michele.carobolante@libero.it 	
	
Michele 	Mihalik 	michele@energyshop.com 	
	
Michele 	Carobolante 	titomichelecaro@yahoo.com 	
	
Michelle 	Demille 	michelledemille@hotmail.com 	
	
Michelle 	Beckwith 	michsbeck@hotmail.com 	
	
Michelle 	Taggart 	taggie@hotmail.com 	
	
Michelle 	Mota-Bogle 	michelle.bogle@gmail.com 	
	
Michelle 	Cavanaugh 	mtwarmolts@aol.com 	
	
Miel 	Steele 	bigmocha@hotmail.com 	
	
mihai 	iancu 	mihai@ngnpath.com 	
	
mihalis 	vrettas 	www.babyluck77@hotmail.com 	
	
Miho 	Ueda 	mihort@hotmail.com 	
	
Mikael 	Eriksson 	mikael@natha.dk 	
	
Mike 	Brown 	alfabrown@yahoo.com 	
	
Mike 	Gorski 	goskimike@hotmail.com 	
	
Mike 	Weeks 	x1sports@blueyonder.co.uk 	
	
Mike 	Altmann 	furrypaws240135@yahoo.co.un 	
	
Mikhail 	Ioffe 	mikhail.ioffe@gmail.com 	
	
Mikkel 	Skjoldan 	skjoldan@yahoo.com 	
	
Mima 	Adass 	mimaades@hotmail.com 	
	
Mira 	Maimon 	miramaimon@hotmail.com 	
	
Miri 	Blum 	miri_blum@hotmail.com 	
	
Miriam 	Berger 	mia.berger@gmx.de 	
	
MIRJAM 	VISSER 	MIRJAMV2003@YAHOO.CO.UK 	
	
Mirjam 	Visser 	mirjam2003@yahoo.co.uk 	
	
Mironel 	De Wilde 	think108@rediffmail.com 	
	
misja 	vermeulen 	sitarmagic@gmail.com 	
	
Mitchell 	Semple 	mitchell_semple@hotmail.com 	
	
Miwky 	Kawamoto 	miwky@hotmail.com 	
	
Moku 	Teraoka 	moku71@yahoo.com 	
	
Monica 	Gutierrez 	monyguti@yahoo.com 	
	
Monica 	Gutierrez 	monyauti@yahoo.com 	
	
Monika 	Vazirani 	findmonika@yahoo.com 	
	
Monika 	Reimann 	monireimann@hotmail.com 	
	
Monika 	Vazirani 	monikadancer@yahoo.com 	
	
Monique 	Wilhelm 	mowie66@hotmail.com 	
	
Monique 	Brochet 	infinimo@lagoon.nc 	
	
Monique 	Wilth 	moniquewith@hotmial.com 	
	
Montana 	King 	montanaking@hotmail.com 	
	
Morgan 	Arundel 	morgscan@hotmail.com 	
	
Morgan 	Sand 	morgansand@hotmail.com 	
	
Moses 	Maimon 	utpaladeva@gmail.com 	
	
Moyna 	Chard 	moyna_chard@yahoo.co.uk 	
	
Mr.ditsaphong 	wungphatanaton 	ditsa_samui@hotmail.com 	
	
Muli 	Grober 	mama@netvision.net.il 	
	
Mylaine 	Rochefort 	mylaine_r@hotmail.com 	
	
Naama 	Melamed 	naamatomar@hotmail.com 	
	
Nadav 	Somerh 	nadavys@gmail.com 	
	
Nadia 	Jankowski 	nadiaj@telecom.na 	
	
nadia 	rossetti 	nadialoveslife@hotmail.com 	
	
Nadia 		karliencol@hotmail.com 	
	
Nam 	Ben-Michael 	troublegowat@hotmail.com 	
	
Nancy 	Miller 	mimoprovoz@yahoo.ca 	
	
Naoko 	Tano 	naokotano@hotmail.com 	
	
Naomi 	Yoshigama 	latina@agate.plala.or.jp 	
	
Naomi 	Gibb 	sirimukh@gmail.com 	
	
Naomi 	ozzy 	kryan113@hotmail.com 	
	
Naotaka 	Yui 	yuinaotaka@yahoo.com 	
	
Natascha 	Mercorio 	tash@dzit.com 	
	
Natasha 	Kleinrath 	anatashca@hotmail.com 	
	
Natasha 	Mercorio 	natashamercorio@gmail.com 	
	
Natasha 	Gooden 	natashagooden@hotmail.co.uk 	
	
Natasja 	de Lange 	mailtonatasja@yahoo.com 	
	
Nava 	Sanders 	navanava@hotmail.com 	
	
neda 	goudarzi 	neda_goudarzi@yahoo.com 	
	
Neil 	O'Sullivan 	neilosullivan2002@yahoo.com 	
	
nepali 	Raju 	rajakarajeev@yahoo.com 	
	
Neta 	Ler-Ari 	Neta_ler_ari@yahoo.com 	
	
Netta 	Ishai 	netaishai@yahoo.com 	
	
Nicholas 	Paz 	goatfire_777@yahoo.co.in 	
	
Nick 	Otten 	nick@otten.co.uk 	
	
nick 	richards 	nick1969@gmail.com 	
	
nicki 	page 	npage@fusion-mgt.com 	
	
Nicky 	Clarke 	nicky.c@dsl.pipex.com 	
	
Nicolas 	Dieschbuurg 	manolote81@hotmail.com 	
	
Nicole 	Young 	njyoung@hotmail.com 	
	
Nicole 	Kugler 	n.kugler@gmx.ch 	
	
Nicole 	Chambers 	nicci54@hotmail.com 	
	
Nicoleta 	Carpineanu 	ncarpineanu@hotmail.com 	
	
Niels 	Christian 	nckk@mail.dk 	
	
Niels Christian and Zanna 	Koelbek 	nckk@mail.dk 	
	
Nigol 	Koulajian 	nigolk@aol.com 	
	
Nik 	Petroff 	nikpetroff@gmail.com 	
	
Nikolaj 	Sahlstroem 	nikolajsahlstroem@gmail.com 	
	
Nina 	Hanson 	nina_ananda@yahoo.com 	
	
Nina 	Prodywus 	ninap26@hotmail.com 	
	
Nina 	Prodywus 	nina.prodywus@gmail.com 	
	
Nina 	Goergen 	ninagoergen@hotmail.com 	
	
Niolette 	Margalef 	nikiz2000@hotmail.com 	
	
Nir 	Brosh 	broshnir@hotmail.com 	
	
Nir 	Sar 	ssshani@bezeqint.net 	
	
Nir 	Sar-Shalom 	nir_sarshalom@hotmail.com 	
	
Nira 	Lipka 	niralipka@hotmail.com 	
	
Nirit 	Harlov 	kabi_nirit@hotmail.com 	
	
Nirvesha 		julia_longford@yahoo.com.au 	
	
Nitin 	Malde 	nitin_malde@hotmail.com 	
	
Nitzan 	Nurit 	nitzang@netvision.net.il 	
	
noa 	vidman 	vidmanoa@gmail.com 	
	
Noah 	Schlesinger 	Schl@inter.net.il 	
	
Noah 	Staford 	noahsmajikarc@hotmail.com 	
	
Noah 		schle@012.net.il 	
	
Noelani 	Rodriguez 	noelani_rodriguez@yahoo.com 	
	
Noelle 	Suwa-Christie 	udpallablue@hotmail.com 	
	
Norbert 	Donelly 	ndonelly@tervis.com 	
	
Noriko 	Takei 	n211t@yahoo.co.jp 	
	
Norm 	Shealy 	norm@normshealy.net 	
	
Norunn 	Hov 	norunnhov@hotmail.com 	
	
Nousha 	Behbahanian 	nousha@shaw.ca 	
	
Novena 	Baroni 	9baroni@tin.it 	
	
Obelia 	Webb 	namasteobelia@yahoo.com 	
	
Oded 	Saloman 	odedsal@yahoo.com 	
	
Oded 	Vardi 	odedu77@hotmail.com 	
	
Ofer 	Raphaeli 	ofer@karinmodels.co.il 	
	
Ofra 	Kanari 	kanari@plastro.com 	
	
Oksana 	Andrushko 	petrushka-o@mail.ru 	
	
Ola 	Hammarstrom 	olahammarstom@hotmail.com 	
	
Olga 	Mikhaliova 	moskaliova@earthlink.net 	
	
Olga 	Aura 	themovingbody@yahoo.com 	
	
Oliver 	Scholz 	scholtz.oli@gmx.de 	
	
Olivia 	Scanlon 	lidd@hotmail.com 	
	
Olivier 	Lelouch 	olivier@taorcons.com 	
	
Oma 	Menache 	omenache@noos.fr 	
	
Omid 	Tawaskel 	omidt@shaw.ca 	
	
Oran 	Levy 	ornplus@hotmail.com 	
	
Oren 	Shapira 	milioren@hotmail.com 	
	
Ori 	Arbell 	ori1canobi@yahoo.com 	
	
Orian 	Ambient 	orian_a1@hotmail.com 	
	
Osher 	Levi 	happydidj@hotmail.com 	
	
Otto 	Kroner 	bulletbaba@hotmail.com 	
	
Ovadya 	Nahayesi 	vedog0210@yahoo.com 	
	
ozgun 	ozpinar 	coreyantal@yahoo.com 	
	
P W 	T 	peakwan@gmail.com 	
	
Paavo 	Karvinen 	saunalink@saunalink.com 	
	
Pablo 	Fernandez 	elpablofernandez@yahoo.com 	
	
Pam 	Moffatt 	pammoffatt@hotmail.com 	
	
Pamela 	Villasenor 	pam_vg@hotmail.com 	
	
paola 	izzo 	kayyjenn@yahoo.com 	
	
Paola 	Sammarchi 	paskye@yahoo.com 	
	
Parris 	Lynn 	parrislynn@gmail.com 	
	
Pascal 	Canedi 	pascalcanedi@hotmail.fr 	
	
Pastal 	Kolevsohn 	paz@webmail.co.za 	
	
Pastal 		sparki@oceancurrents.co.za 	
	
patricia 	morrison 	b69blondie@hotmail.com 	
	
Patrick 	St.Amant 	imcrxption42@hotmail.com 	
	
Pattaratida 	Lowy 	lowyp2000@yahoo.com 	
	
Paul 	Clark 	paul.clark@mail.com 	
	
Paul 	Grady 	pablogrady@hotmail.com 	
	
Paul 	Hardin 	hardinlaw@hotmail.com 	
	
Paul 	Arrowsmith 	paularrowsmith@gmail.com 	
	
Paul 	Martin 	lifesariot40@yahoo.co.uk 	
	
Paul 	Griffith 	paulludgriffith@hotmail.com 	
	
Paul 	Fuess 	pfuess@aol.com 	
	
Paul 	Winkler 	paul.winkler@cogeco.ca 	
	
Paula 	Took 	paulatook@hotmail.com 	
	
Paula 	Vidovich 	dragongirl0206@hotmail.com 	
	
Paula 	Parker 	pparker3279@yahoo.com 	
	
Pauline 	Seignuir 	pauline_seignuir@hotmail.com 	
	
pauline 	dantec 	pdantec@hotmail.fr 	
	
Pazit 	Bahar 	pazitbahar@yahoo.com 	
	
Peder 	Neumann 	neumannindien@hotmail.com 	
	
Peggy and Alan 	Williams 	pegalwill@sympatico.ca 	
	
Pekka 	Tasala 	pekka@tasala.com 	
	
Peng 	Loh 	pl3333@hotmail.com 	
	
Pepa 		pepa@ripe.net 	
	
Pereira 	Oliver 	tenshiteiubesc@yahoo.co.uk 	
	
Pernilla 	Johansson 	NillaP@hotmail.com 	
	
Peter 	Brandt 	tdnarbretop@hotmail.com 	
	
Peter 	Dobo 	dobo@rocketmail.com 	
	
Peter 	Finch 	peter.a.finch@googlemail.com 	
	
Peter 	Ilsoe 	artefact@artefact.dk 	
	
Peter 	Stjernby 	stjernby@hotmail.com 	
	
Peter 	Rowan 	naturaltrust@gmail.com 	
	
peter 	meier 	siamtravel@gmx.ch 	
	
Peter 	Adams 	Pete.adams@moving-overseas-guide.com 	
	
Peter and Sylvia 	Zanger 	ps-zanger@t-online.de 	
	
Petra 	Karsenbarg 	petra.karsenbarg@swipnet.se 	
	
petra 	becker 	petrabecker36@web.de 	
	
Phil 	Hall 	leafmould@hotmail.com 	
	
Philip 	Pocock 	philip.pocock@web.de 	
	
Phillipe 	Traber 	philtraber@yahoo.de 	
	
Pia 	Wilkinson 	greenpea86@hotmail.com 	
	
Pinar 	Oskaya 	smileatmyland@yahoo.com 	
	
PIPATTRA 	THEERATHEP 	PIPATTRA@ASIAPLUS.CO.TH 	
	
Polymnia 	Dagtzidou 	polimniad@hotmail.com 	
	
Pramila 	Rao 	topedog@hotmail.com 	
	
prem 	pravahi 	pravahi.prem@gmail.com 	
	
Prem 	Tanmayo 	prem_tanmayo@yahoo.com 	
	
Puchit 	Sariddi 	bobbyhit@yahoo.co.jp 	
	
Rachel 	Klein 	rachelklein1@hotmail.com 	
	
Rachel 	Oberdorf 	orachel@free.fr 	
	
Rachel 	Knight 	rachellee111@yahoo.ca 	
	
Rachel 	Pereira 	aeon89@hotmail.com 	
	
Racquel 	Ayers 	racquelayers@yahoo.co.uk 	
	
Radu 	Panait 	rpanait@rehau.ro 	
	
rae jenkin 	jenkin 	raejenkin@hotmail.com 	
	
Rafael 	Sadowski 	rayoga@gmail.com 	
	
Raghu 	Khode 	raghu_khode@yahoo.com 	
	
Raina 	Fanfold 	rainafanfold@hotmail.com 	
	
Rainer 	Gasser 	rainergasser@gmx.at 	
	
Raisa 	Veikkola 	raisipops@hotmail.com 	
	
raluca 	todor 	raluca.todor@gmail.com 	
	
Rami 	Kalfon 	ramikalfon@bezeqint.net 	
	
Ramjee 	Wallenta 	c.wallenta@gmx.net 	
	
Ramzanali 	Hooda 	alyhooda@yahoo.com 	
	
Ran 	Deren 	randeren@yahoo.com 	
	
Ran 	Razy 	ranrazy@hotmail.com 	
	
Rani 	Herman 	rainbowrani@yahoo.com 	
	
Rapeeporn 	Yaicharoen 	mtryc@hotmail.com 	
	
Raymond 	Ben Khalifa 	mfsb47@hotmail.com 	
	
Razale 		yaelu@barak-online.net 	
	
Rebecca 	Hamilton 	bechamilton@hotmail.com 	
	
Rebecca 	Yang 	rebeccalwyang@yahoo.com 	
	
Rebecca 	Bower 	rebecca.bower@gmail.com 	
	
Rebecca 	McDonald 	jmcd@nwlink.com 	
	
Rebecca 	Hayes 	hayesreve@gmail.com 	
	
Rebekka 	Walker 	rebekkawalker@gmail.com 	
	
Redactie 	Yoga 	redactie@yogaspecial.nl 	
	
Regan 	Pfeifer 	wregan54@msn.com 	
	
Regina 	LaRocca 	regconnection@yahoo.com 	
	
Reinhild 	Bleeken 	reinhild_bleeken@hotmail.com 	
	
Remi 	Chevreau 	remichevreau@hotmail.com 	
	
Renata 	Hendrykova 	renatasva@yahoo.co.uk 	
	
Renata 	Desics 	desics.renata@axelero.hu 	
	
Renilde 	Becque 	rbecque@yahoo.com 	
	
Renlee 	Collier 	friendlyrenlee@hotmail.com 	
	
Renne 	Hooper 	rdhooper@yahoo.ca 	
	
Rhiannon and Roxanna 	Doma 	roxanamac4@yahoo.com 	
	
Ricardo 	Dandrosi 	hanto17@hotmail.it 	
	
Richard 	Crane 	talents@flash.net 	
	
RICHARD 	FREED 	richfreed@hotmail.com 	
	
richard 	klein 	rk2243@hotmail.com 	
	
Richard 	Koehler 	contactriko@yahoo.com 	
	
ridha 	arfaoui 	ridha_arfaoui@hotmail.com 	
	
rikta 	takicoshi 	rikta@hotmail.co.jp 	
	
Rio 	Casey 	riorocca@lifeisastory.net 	
	
River 	Thomson 	river.thomson@gmail.com 	
	
rivo 	rosin 	rivo.rosin@hmb.ee 	
	
Robert 	Godbout 	rgodbout001@yahoo.com 	
	
Robert 	Polsky 	robertp779@yahoo.com 	
	
Robert 	Davis 	rdavis1962@msn.com 	
	
Robert 	Vnaderlugt 	robvanderlugt@yahoo.com 	
	
Robert 	Loiselle 	rloiselle@ntic.qc.ca 	
	
Roberta 	Hastings 	HastingsRoberta@aol.com 	
	
Robin 	Mackay 	rmmclay@yahoo.com 	
	
Robin 	Bachor 	shareculture@yahoo.com 	
	
Robin 	Hutchins 	robin.hutchins@gmail.com 	
	
Robin 	Nicholson 	robinzbird@yahoo.com 	
	
Robynne 	Curlec 	robynnec@gmail.com 	
	
Roger 	Vilalta 	roger_vilalta@hotmail.com 	
	
Roger 	Mack 	ramack@hotmail.com 	
	
Roie 	Levy 	Roie_L@hotmail.com 	
	
Roland 	Patka 	2rolli@gmx.de 	
	
Ron 	Algazy 	ron.elgazy@zoran.com 	
	
Ron 	Piron 	ron_piron@yahoo.com 	
	
Ron 	Ortenberg 	r.ortenberg@gmail.com 	
	
Ronan 	Gilligan 	gilli.amu@gmail.com 	
	
Ronela 	Vainio 	kalevatar_ronela@hotmail.com 	
	
Roni 	Cohen 	ronicohen@hotmail.com 	
	
Roni 	Lederer 	roni_lederer@hotmail.com 	
	
Ronit 	Mashiah 	ronit2001@hotmail.com 	
	
rony 	elazar 	roni.elazar@gmail.com 	
	
Rosa 	Maricich 	rosamarie@ekit.com 	
	
Rossina 	Calderon-Vera 	rossina@hotmail.com 	
	
Rotem 	Pilo 	rotemtrip@hotmail.com 	
	
Rotem 	Sol 	solchik@gmail.com 	
	
Roy 	Ofer-Mayumana 	roy@mayumana.co.il 	
	
Rubina 	Dolvane 	rdolvane@hotmail.com 	
	
rukmini 	debus 	rukmini@gmx.de 	
	
Rune 	Nilsson 	rune.nilsson@adr.dk 	
	
rute 	jorge 	rip_j_@hotmail.com 	
	
Ryan 	Hunt 	sweetmouthed@altavista.com 	
	
Ryuki 	Amano 	sakusakuchakra@hotmail.com 	
	
Sabina 	Asnani 	asnanisab@yahoo.com.au 	
	
Sabina 	Molenaar 	sabjem@hotmail.com 	
	
Sabine 	Ottenbacher 	sabineottenbacher@bluewin.ch 	
	
Sabine 	Ottenbacher 	sabinottenbacher@bluewin.ch 	
	
Sacha 	Horowitz 	sachaweb@idhdiamonds.com 	
	
Sahajananda 	Porslund 	porslund@hotmail.com 	
	
Sahara 	Sirocco 	yorkie_69@hotmail.com 	
	
Saidie 	Mir 	saidiemir@hotmail.com 	
	
salima 	Bentebibel 	saliflying@gmx.net 	
	
Sally 	Shing 	sally.shing@citigroup.com 	
	
Sam 	Groom 	sgroom1989@hotmail.com 	
	
Samantha 	Ostergaard 	samantha_ost@hotmail.com 	
	
Samantha 		shaktidreaming@yahoo.com.au 	
	
samual 	wade 	samualwade@gmail.com 	
	
Samuel 	Gyger 	samuel.gyger@gmx.ch 	
	
sandi 	gale 	saniya@rogers.com 	
	
Sandra 	Buehlmann 	sbuehlmann@hotmail.com 	
	
Sandra 	Kohnen 	sandrakohnen@hotmail.com 	
	
Sandra 	Wennerhag 	loveandshare@hotmail.com 	
	
Sandra 	Tonn 	sandra_tonn@telus.net 	
	
Sandra 	Sena 	friedensss1914@yahoo.com.br 	
	
Sandrine 	Chouslin 	lalala3fors@yahoo.fr 	
	
Sangmo 	Dery 	sangmo_5@yahoo.com 	
	
Sanja 	Malogajski 	sanja.malogajski@bluewin.ch 	
	
Sara 	Cordova 	cordova@netvision.net.il 	
	
Sara 	Persson 	sarapersson78@hotmail.com 	
	
Sara 	Russo 	SaraRusso@gmx.ch 	
	
Sara 	Tsiropinas 	sarapaint@hotmail.com 	
	
Sara 	Alavi 	alavi_sara@hotmail.com 	
	
Sara 	Stecher 	sara.stecher@bluewin.ch 	
	
sara 	wallace 	saraannwallace@yahoo.co.uk 	
	
Sarah 	Bower 	bowersox1@hotmail.com 	
	
Sarah 	Haas 	cocotea101@yahoo.com 	
	
Sarah 	Rayner 	sarahrayner@hotmail.com 	
	
Sarah 	Mandie 	littlemissmandie@gmail.com 	
	
Sarah 	Sanderson 	sarahsanderson@yahoo.co.uk 	
	
Sarah 	Elman 	sarahelemental@googlemail.com 	
	
Sarah 	Glen 	sarah.glen@aucklandcity.govt.nz 	
	
Sarah 	Van Name 	vannamesa@hotmail.com 	
	
SarahFawn 	Wilson 	serraphon@msn.com 	
	
Saskia 	Pietrek 	satschismail@yahoo.de 	
	
saskia 	grootegoed 	saskiagrootegoed@yahoo.com 	
	
Sasson 	Avrahami 	sasson.avrahami@gmail.com 	
	
Satchita 	Melina 	Satchita.dream@gmail.com 	
	
Satish 	R 	em.satish@gmail.com 	
	
Satya Veronica 	Granberg 	togdenmaa@yahoo.se 	
	
Sax 	Olivier 	saxoliviersax@gmail.com 	
	
Scarlett 	Mchigan 	dynamicyogaworks@yahoo.co.uk 	
	
Scot 	Muir 	scotmukti@hotmail.com 	
	
Scott 	Briggs 	scott_briggs@yahoo.com 	
	
Scott 	Jernigan 	unicoi99@hotmail.com 	
	
Scott 	Jones 	scottjasonjones@yahoo.com 	
	
Scott 	McCrossin 	jeksmac@optusnet.com.au 	
	
Sean 	Dahlen 	sanctuaries@yahoo.com 	
	
Sean 	Goldberg 	goldieabroad@yahoo.com 	
	
Sebastian 	MATEI 	matangari@hotmail.com 	
	
Seelan 	Pillay 	kriyatantricmaster@yahoo.com 	
	
Seon 	Verios 	s_verios@hotmail.com 	
	
Serge 	Noyer 	s.noyer@leregional.ch 	
	
Sha 	Gregg 	dman55555@hotmail.com 	
	
SHADI 	SIDES 	kobisides@walla.com 	
	
Shaelah 	Morris 	shaelahc@hotmail.com 	
	
Shahram 		shahram@smartt.com 	
	
Shai 	Naor 	shainaor@hotmail.com 	
	
Shakarah 	Poff 	shakarah11@hotmail.com 	
	
Shakti 	Mhi 	shakti@pranayoga.com 	
	
Shane 	Bediz 	bediz19@hotmail.com 	
	
Shanna 	Bhambra 	sugarplumfairy_83@hotmail.com 	
	
Shannon 	Chittick 	shannonchittick@yahoo.ca 	
	
Shannon 	VanWert 	slynkefax@hotmail.com 	
	
Shara 	Soesan 	xshara@hotmail.com 	
	
Sharmila 	Ramesar 	sharmila69@hotmail.com 	
	
Sharon 	Elman 	sharonelman@hotmail.com 	
	
Sharon 	Arbel 	sharon_arbel@hotmail.com 	
	
Sharon 	Beacham 	sharonbeacham@hotmail.com 	
	
Sharon 	Lolachi 	Sharonite@hotmail.com 	
	
Sharon 	Miller 	sharonml2@excite.com 	
	
Sharon 	Downing 	studio3011@hotmail.com 	
	
Shauna 	Hylenski 	shylenski@yahoo.com 	
	
Shay 	Frenkel 	shay.frenkel@gmail.com 	
	
Shay 	Rosen 	shayrosen@yahoo.com 	
	
Sheena 	McLennan 	sheena.mclennan@gmail.com 	
	
Shelley 	Tran 	shelleytran@yahoo.com 	
	
Shelly 	Cole 	shellcole2@yahoo.co.uk 	
	
Sher 	Leyendeckers 	sleyendeckers@sympatico.ca 	
	
Shimon 	Azrad 	Barzook@hotmail.com 	
	
Shinobu 	Kiriake 	etokiri@ybb.ne.jp 	
	
shinobu 	shibasaki 	shibasaki-shinobu@hotmail.co.jp 	
	
Shiri 	Granot 	s_gehera@hotmail.com 	
	
Shiri 	Joshua 	shirij@rogers.com 	
	
Shirley-Anne 	Hadley 	shirleyanne54@hotmail.com 	
	
Shiv 	Ram 	Ram_shiv@hotmail.com 	
	
Shiva 	Akini 	bhairava@sancharnet.in 	
	
Shiva 	Nataraja 	shivaratri69@yahoo.com 	
	
Shmulik 	Shalev 	nof-yam@bezeqint.net 	
	
Shoshan 	Shoher 	shoshanyagur@hotmail.com 	
	
Shushma 	Patel 	ucrainbow@hotmail.com 	
	
Sibel 	Emul 	sibelemul@yahoo.com.tr 	
	
Siegfried 	Renzler 	sigreny@hotmail.com 	
	
Sigi 	Renzler 	sigrenz@hotmail.com 	
	
Sigrid 	Delmotte 	sigridd@hotmail.com 	
	
Sikhar 	Bodhi 	cdambaliya@yahoo.ca 	
	
Silke 	Beissel 	silke.beissel@gmx.de 	
	
Silke 	Lexx 	lexx66@gmx.de 	
	
Silvia 	Michielon 	silviapops@yahoo.co.uk 	
	
silvia 	sonaggere 	guklimt@libero.it 	
	
simon 	pohn-weidinger 	simon.pohn-weidinger@gmx.at 	
	
simon 	robinson 	true_reality2002@yahoo.co.uk 	
	
Simon 	Grounds 	simon_grounds@hotmail.com 	
	
Simone 	Queiroz 	simone_queiroz@yahoo.com 	
	
Siobhan 	O'Neill 	nicelytoasted99@hotmail.com 	
	
Siobhan 	O'Malley 	siobanomalley@hotmail.com 	
	
Sioux 	Barry 	siouxbarry@hotmail.com 	
	
skeeter 	barker 	skeeter_sf@yahoo.com 	
	
Sofi 	Kunzlmann 	sofiekunzulmann@gmx.de 	
	
Sonia 	Vaida 	sonia@netvision.net.il 	
	
Sonja 	Jokiniemi 	sonjajokiniemi@hotmail.com 	
	
soon 	kuek 	soon137png@yahoo.com 	
	
Sophia 	Marketou 	sophiamarketou@mail.com 	
	
Sophie 	Gaskill 	gaskill_sophie@hotmail.com 	
	
Sophie 	Voisin 	sofia_voisin@hotmail.com 	
	
Sophie 	Poignant 	sophiepoignant@hotmail.com 	
	
Sophie 	Dutheil 	touchatout2@yahoo.fr 	
	
Sophie et Jean-Pierre 		bloodi70@hotmail.com 	
	
Sophie Jane 	Mortimer 	sophiejanemortimer@yahoo.co.uk 	
	
Srinivasen 	Durai 	srinikalpana2006@yahoo.com 	
	
Srinivasen 	Durai 	srinistudio@gmail.com 	
	
Stacey 	Gray 	lotus_creation@hotmail.com 	
	
Stacie 	Mehard 	NorTantra@cox.net 	
	
stacy 	warren 	stacywarren72@hotmail.com 	
	
Stayce 	Mehard 	GreensAndNettles@cox.net 	
	
Stefan 	Ilsoe 	tripurasundari@hotmail.com 	
	
Stefan 	Pashov 	gonetraveling@hotmail.com 	
	
stefan 	grigoriu 	stef@budlight.com 	
	
Stefan 	Cunnington 	stefancunnington@yahoo.co.uk 	
	
Stefan 	Gherghinoiu 	stefan.gherghinoiu@TELUS.com 	
	
Stefani 	Chan 	escommunications@rogers.com 	
	
Stefania 	Gatti 	stefaniagatti@hotmail.com 	
	
Stefano 	Pegorari 	pego13@yahoo.it 	
	
Steffen 	Jurgen 	56wanderer@gmx.net 	
	
Steffen 	Warner 	warnerdesign@msn.com 	
	
Stella 	Preston 	stellapreston30@hotmail.com 	
	
Stella 	Stathi 	stella@stathis.gr 	
	
Stephan 	Oesterreicher 	openanahata@yahoo.de 	
	
Stephanie 	Tate 	setate@talk21.com 	
	
Stephen 	Spyrit 	ontheplanets@hotmail.com 	
	
Stephen 	Sutherland 	sjs@on.aibn.com 	
	
Steve 	Brodsky 	sacredhollow@msn.com 	
	
Steve 	Hutcheson 	stevehutcheson@yahoo.com 	
	
Steve 	Moore 	clubridgmont1@hotmail.com 	
	
Steve 	Pannell 	steve_pannell@hotmail.com 	
	
Steve 	Bennett 	steve@climbatree.com 	
	
Stine 	Porsfelt 	belove49@yahoo.dk 	
	
Stuart 	Findlater 	stu@spjf.freeserve.co.uk 	
	
Stuart 	Mckenzie 	stuartamckenzie@hotmail.com 	
	
Sudhir 	Shekhar 	sudhirshekhar@rediffmail.com 	
	
Sumonta 	Jaiyiam 	sumonta_lyn@hotmail.com 	
	
Suntree 	Subkaew 	s11suntree@yahoo.com 	
	
Suparamsa 	Sombatsapsin 	kratae08@gmail.com 	
	
Suphang 	Sunthilanon 	oh_pharmacist@yahoo.com 	
	
surajit 	nandi 	surajitnandi39@yahoo.com 	
	
Suraya 	Schmidt 	surya.s@web.de 	
	
Suresh 	K 	sureshk@zahid.com 	
	
surya 	ananada 	shivakamala_73@yahoo.co.uk 	
	
Susan 	Garrett 	missrunahead@yahoo.com 	
	
Susan 	Allen 	sea_nz@yahoo.com 	
	
Susan 	Wells 	yogamom108@gmail.com 	
	
Susan 	Carlson 	susanacarlson@msn.com 	
	
Susan 	Hammond 	susiereg@yahoo.com 	
	
Susana 	Nunez 	xuxana13@hotmail.com 	
	
susanna 	mariotti 	mariosusanna@libero.it 	
	
Susanne 	Larsson 	larssonsusanne@yahoo.com 	
	
Susie 	Roy 	susieroy@pobox.com 	
	
Suzanne 	Vian 	suzannevian@yahoo.com 	
	
Suzanne 	Stott 	petstar6@optus.net.com.au 	
	
Suzi 	Scrimshaw 	firestylinsuz@hotmail.com 	
	
Suzi 	Dorey 	design@suzidorey.com 	
	
Swami 	Mahalayananda 	natha@kolumbus.fi 	
	
Swami 	Vivekananda 	jayaratha@yahoo.com 	
	
Swami Vimal 	Kohra 	kohras@gmail.com 	
	
swamini Mata 	yogananda 	fiy@yoganet.org 	
	
Sylvia 	Grav 	sylviagrav@hotmail.com 	
	
Sylvia 	Schrott 	sylvie.schrott@gmx.at 	
	
Tabea 	Schmitt 	tabea.schmitt@gmx.de 	
	
Tal 	Rapke 	tal@cheerful.com 	
	
Tal 	Shochat 	talshochat@yahoo.com 	
	
Tal 		inbarubin@hotmail.com 	
	
Tal 	Ravid 	talosnat@netvision.net.il 	
	
Tali 	Shmueli 	talishmueli@hotmail.com 	
	
Talia 	Arazi 	taliarazi@hotmail.com 	
	
Tamar 	Meir 	tamarmeir@yahoo.com 	
	
Tamara 	Bondi 	tamaralux@gmx.de 	
	
Tamara 	Watson 	tamarawatson@hotmail.com 	
	
Tamara 	Maerschalck 	tamaranepal@hotmail.com 	
	
Tamara 	d'Auvergne 	tdauvergne@gmail.com 	
	
Tammy 	Muller 	tammyplanet@canoemail.com 	
	
Tanistha 	Dansilp 	tdansilp@hotmail.com 	
	
Tanja 	Rohn 	gracesguitar@yahoo.ca 	
	
Tanja 	Schmidt 	tanjarj@terra.com.br 	
	
Tantra 	Bensko 	flameflower@runbox.com 	
	
Tanya 	Harrington 	tanyapants71@hotmail.com 	
	
tanya 	darling 	darlingtanya@hotmail.com 	
	
Taru 	Jussila 	taru@talktalk.net 	
	
Tatum 	McAbee 	mcabee1980@yahoo.com 	
	
Ted 	McConaghy 	txted2002@yahoo.com 	
	
Ted and Nancy 	Helps and Carter-Helps 	prestige@eagle.ca 	
	
Ted and Nancy 	Baruch 	ted@baruchandco.com 	
	
Teemu 	Pietilainen 	petilai@lut.fi 	
	
Tempel 	Smith 	tempels@gmail.com 	
	
Teresa 	Hallstrom 	teresa.hallstrom@spray.se 	
	
Teresia 	Harju 	hankihenkselit@jippii.fi 	
	
Tessa 	Calkhoven 	tessacalkhoven@yahoo.com 	
	
Tessa 	Sanderson 	sandersontessa@hotmail.com 	
	
Tessa 	Pisani 	yogamalta@gmail.com 	
	
test 	test 	test@test.com 	
	
testing 	tests 	testss@yahoo.com 	
	
Theis 	Viberg-Holde 	Theis@image.dk 	
	
Theo 	Mann 	manntheo@yahoo.com 	
	
Theresa 	Corr 	pebs73@hotmail.com 	
	
Thom 		skythom@hotmail.com 	
	
Thomas 	English 	monad91@yahoo.com 	
	
Thomas 	Hellmig 	t_hellmig@yahoo.de 	
	
Thomas 	Mueller 	thm.ejw@gmx.de 	
	
Thomas 	Legg 	tomlegg@spiritone.com 	
	
Thomas 	Le Goulven 	tangothom@gmail.com 	
	
Thsita 	Deepatarakul 	siriporn_deep@yahoo.com 	
	
Tiffany 	Patrella 	tp191195@hotmail.com 	
	
Tiffany 	Bissey 	tbissey@gmail.com 	
	
Tiger and Barbara 	Shapray 	sailing33@sbcglobal.net 	
	
Tim 	Walter 	tuuuu1@hotmail.com 	
	
Timmie 	Rosenkrantz Rosholm 	timmerr@gmail.com 	
	
Tina 	Schrage 	tinaschrager@stud.uni.karlsruhe.de 	
	
Tina 	Bishai 	bishai@rogers.com 	
	
Tine 	Grann 	tinegrann@yahoo.dk 	
	
tjark 	dreamer 	tjark_the_dreamer@yahoo.de 	
	
Tobal 	Vardit 	tobalvardit@hotmail.com 	
	
Tomas 	Lilja 	vidstige2000@hotmail.com 	
	
Tomer 	Marx 	tomer_marx@hotmail.com 	
	
Tomer 	Weiss 	tomer_weiss@yahoo.com 	
	
toni 	kofler 	anton.kofler@osb-i.com 	
	
Tony 	Borowiec 	tony.borowiec@gmail.com 	
	
Tony 	Horrigan 	tonyhorrigan@start.com.au 	
	
Torben 	Slot-Petersen 	torbenslot@yahoo.com 	
	
Toru 	Yamasaki 	yamasakitoru@hotmail.com 	
	
Tracy 	Hardwick 	hatha1@hotmail.com 	
	
Tracy 	Davies 	tracydavies@postmaster.co.uk 	
	
Trent 	Amour 	lobapo@googlemail.com 	
	
Trevalene 	Neil 	trevalene89@yahoo.com.au 	
	
Trevor 	Blackann 	trevor@justacoupleofdays.com 	
	
Trish 	Ottone 	trish_ottone@hotmail.com 	
	
Trudy 	Kendall 	jontytrudy@hotmail.com 	
	
Tsuyoshi 	Nakano 	dekunobo@hotmail.com 	
	
Tucker 	Mustang 	ee_cpo@yahoo.com 	
	
Tudor 	Condrea 	tudor_condrea@yahoo.com 	
	
Tuhin 	Chowdhury 	tuhin@indicana.net 	
	
Tuval 	Chomut 	tuval@itgil.com 	
	
Udi 	Maimon 	unbreakableudi@yahoo.com 	
	
Udi 	Peretz 	udiperetz@hotmail.com 	
	
Ula 	Wyman 	U_Tempest@hotmail.com 	
	
Ulrike 	Letule 	ulrike_letule@sj.com 	
	
Ulrike 	Trauner 	u.m.trauner@gmx.at 	
	
urania 	tsakmakidou 	rania@pilides.gr 	
	
Uri 	Aronoff 	aronoffu@yahoo.com 	
	
Uri 	Yariv 	urishely@hotmail.com 	
	
Ursula 	Steiger 	ursulasteiger@yahoo.com 	
	
Uzi 	Levy 	uzilevy@netvision.net.il 	
	
Valentin 	Nichiforeac 	vnikiforeac@hotmail.com 	
	
Valentina 	Aloni 	valentina_aloni@hotmail.com 	
	
Valerie 	Plauche-Baruch 	valerieleighpb@hotmail.com 	
	
Vanessa 	Bolton 	vanessabolton@hotmail.com 	
	
Vanessa 	Knee 	skiknee70@hotmail.com 	
	
Vanessa 	Beauchamp 	vanooski@yahoo.com.au 	
	
Vangelis 	Syrigos 	bsyrigos@yahoo.com 	
	
veena 	banerji 	vbanerji@hotmail.com 	
	
Vered 	Szykman 	veredshik@gmail.com 	
	
Veredi 	Zeitoun 	verediz@hotmail.com 	
	
verity 	bligh 	veritybligh@hotmail.com 	
	
veronica 	davila 	vera@veronicadavila.com 	
	
Veronique 	Ognar 	samvao3@hotmail.com 	
	
Victor 	Chevtson 	chertsov@yahoo.com 	
	
Victor 	Shevtsov 	chevtsov_v@yahoo.com 	
	
Victoria 	Lester 	vlester2002@yahoo.co.uk 	
	
vijay 	tiwari 	vijaytiwariji@yahoo.co.in 	
	
Vincent 	Meys 	vinz@hetnet.nl 	
	
Vincenz 	Georgantis 	gyanbhakta@gmail.com 	
	
Viorel 	Iachim 	vioreliachim@hotmail.com 	
	
virat 	aungtaveekiat 	virata29@hotmail.com 	
	
Virginia 	Acevedo 	lunaentonada@gmail.com 	
	
Virginie 	Noel 	virg.noel@gmail.com 	
	
Vivi 	Henriksen 	vivihenriksen@hotmail.com 	
	
Vladi 	Aura 	vladiaura@yahoo.com 	
	
Volker 	Deissinger 	filius40@yahoo.com 	
	
Vulka 	Hinzer 	vulka.h@web.de 	
	
Wakako 	Suzuki 	wakako31@aol.com 	
	
Walter 	Hollenweger 	Valter0709@hotmail.com 	
	
Walter 	Swinnen 	walterswinnen@indiatimes.com 	
	
Will 	Philips 	willphilips1@yahoo.com 	
	
Will 	Fagence 	kaizerbill@hotmail.com 	
	
Will 	Pastore 	bw6458@yahoo.com 	
	
Winde 	Vandegaer 	windeevandegaer@yahoo.com 	
	
wolf 	Mombour 	mombour@rz-online.de 	
	
Wolfgang 	Theurer 	wolfgang.theurer@t-online.de 	
	
Wongsanit Ashram 		ashram@cscoms.com 	
	
Wonsook 	Noh 	einnia1@gmail.com 	
	
Xian Alana 	Comi Kocing 	nancybreck@yahoo.com 	
	
Xover 	Lewis 	arcstudio13@gmail.com 	
	
xrysa 	tsintari 	ctsintari@hotmail.com 	
	
Yael 	Cherniak 	cherniaky@hotmail.com 	
	
Yael 	Gafni 	yaelga@hotmail.com 	
	
Yael 	Izhaki 	sal_bas@yahoo.com 	
	
Yann-Gregoire 	Chassaing 	jhannyang@hotmail.com 	
	
Yariv 	Tubul 	yarivtubul@usa.com 	
	
Yaron 	Offer 	ken123@netvision.net.il 	
	
Yasmeen 	Siddiqui 	ymsiddiqui@yahoo.com 	
	
Yassis 	Abadi 	aviram@arv.co.il 	
	
Yerushalmi 	Gila 	yyltd@netvision.net.co.il 	
	
Yifat 	Glick 	yifat120@yahoo.com 	
	
ylvy 	vaanholt 	ylvyv@hotmail.com 	
	
Yoav 	Shemer 	yoavshemer@yahoo.com 	
	
Yogesh 		yogeshvaran@hotmail.com 	
	
Yogi 	Goldfeder 	goldfdr2@netvision.net.il 	
	
Yogi 	Yogesh 	indianhimalayas@yahoo.co.uk 	
	
Yogi 		manstar2002au@yahoo.com.au 	
	
Yogi 		virgon54@yahoo.com.au 	
	
Yogi 		kyssetrold@yahoo.com.au 	
	
Yogi 		no55dk@yahoo.dk 	
	
Yogi 		taschale@yahoo.fr 	
	
Yogi 		d003232@web.de 	
	
Yogi 		taliaben@hotmail.com 	
	
Yogi 		shultzao@yahoo.com 	
	
Yogi 		anat185@zahav.net.il 	
	
Yogi 		isgirzon@wall.co.il 	
	
Yogi 		noiati@hotmail.com 	
	
Yogi 		passal@012.net.il 	
	
Yogi 		fishmanm@bgumail.bgu.ac.il 	
	
Yogi 		dan_alt@walla.co.il 	
	
Yogi 		neshertv@hotmail.com 	
	
Yogi 		eladshoham@hotmail.com 	
	
Yogi 		ptachek@hotmail.com 	
	
Yogi 		udi_perel@hotmail.com 	
	
Yogi 		pablo@telyosef.co.il 	
	
Yogi 		ofri@plastro.com 	
	
Yogi 		limoraizic@yahoo.com 	
	
Yogi 		office@ronpaz.co.il 	
	
Yogi 		yaelisagi@hotmail.co.il 	
	
Yogi 		akrshin@walla.co.il 	
	
Yogi 		or_koren@hotmail.com 	
	
Yogi 		cash@rahan.org.il 	
	
Yogi 		tocynthial@aol.com 	
	
Yogi 		ykoren@nesher.co.il 	
	
Yogi 		haimimi@beeri.org.il 	
	
Yogi 		romer@barak-online.net 	
	
Yogi 		talulavi@yahoo.com 	
	
Yogi 		ronenron20@hotmail.com 	
	
Yogi 		asafagami@hotmail.com 	
	
Yogi 		nn_raz@kvgeva.org.il 	
	
Yogi 		gra@kvgeva.org.il 	
	
Yogi 		mezach@actcom.net.il 	
	
Yogi 		orti269@012.net.il 	
	
Yogi 		yardenp@hotmail.com 	
	
Yogi 		g_lavi@hotmail.com 	
	
Yogi 		artzi@kvgeva.org.il 	
	
Yogi 		galitass@hotmail.com 	
	
Yogi 		ohad_ofer@hotmail.com 	
	
Yogi 		pninaf@012.net.il 	
	
Yogi 		multiversity@osho.net 	
	
Yogi 		avital_m2003@yahoo.co.uk 	
	
Yogi 		ciuc@163bj.com 	
	
Yogi 		avshy_by@kvgeva.org.il 	
	
Yogi 		ofragon@netvision.net.il 	
	
Yogi 		eshel36@012.net.il 	
	
Yogi 		dvirkario@hotmail.com 	
	
Yogi 		gil_ram@kvgeva.org.il 	
	
Yogi 		liorshavit@walla.co.il 	
	
Yogi 		ahinoami@hotmail.com 	
	
Yogi 		noatrans@walla.co.il 	
	
Yogi 		roy7_6@yahoo.com 	
	
Yogi 		bachus67@yahoo.co.uk 	
	
Yogi 		wholeaumon@yahoo.co.uk 	
	
Yogi 		annikiinuk@yahoo.co.uk 	
	
Yogi 		kiddos@oberon.ark.com 	
	
Yogi 		shawsky@yahoo.com 	
	
Yogi 		missioncontrol@webweevers.com 	
	
Yogi 		rmguy2@earthlink.net 	
	
Yogi 		talipal300@yahoo.com 	
	
Yogi 		carmelaesthetics@rogers.com 	
	
Yomara 	Ortiz 	yomarita@hotmail.com 	
	
Yossef 	Kadishar 	yossicusco@yahoo.com 	
	
yshai 	levi 	levi_yshai@yahoo.com 	
	
Yugesh 	Namdev 	yugesh23@yahoo.co.in 	
	
Yuko 		radha-shanti@hotmail.com 	
	
Yuli 	Ziv 	yuliziv@gmail.com 	
	
Yumiko 	Azuma 	ayuzumi@hotmail.com 	
	
Yuval 	Zur 	Yuvalzur@hotmail.com 	
	
Yvette 	Brown 	eveybrown@hotmail.com 	
	
Yvonne 	Li 	livaja@netvigator.com 	
	
Yvonne 	Washington 	zitayw@yahoo.com 	
	
Yvonne 	Elbers 	yvonne.elbers@gmx.de 	
	
Yvonne Amanda 	Duerst 	bhodiamanda@hotmail.com 	
	
Zaineb 	Mir 	zainebmir@yahoo.com 	
	
Zeev 	Zilber 	zeev_zilber@yahoo.com 	
	
Zeynep 	Tumerdem 	zeyneptumerdem@yahoo.com 	
	
Zeynep 	Tumerdem 	ztumerdem@gmail.com 	
	
Zhana 	Drantyev 	zhana@yahoo.com 	
	
Ziv 	Kovacs 	kovacs76@gmail.com 	
	
Ziv 		kovals@bgumail.bgu.ac.il 	
	
Zoe 	Detore 	zoedetore@hotmail.com 	
	
Zoe 	Bligh 	zoebligh@hotmail.com 	
	
Zoe 	Parker 	zoe70leeds@yahoo.co.uk 	
	
Zohar 	Klug 	zohar.klug@intel.com 	
	
Zohar 	Rosenfelder 	zoharut@hotmail.com 	
